GP,Driver,Stint,Compound,StintLength,AirTemp,TrackTemp
Australian Grand Prix,ALB,1,MEDIUM,6,15.985714285714286,27.26666666666667
Australian Grand Prix,ALO,1,MEDIUM,8,17.1625,30.36875
Australian Grand Prix,ALO,2,HARD,46,17.292063492063495,29.506349206349203
Australian Grand Prix,BOT,1,SOFT,1,15.914285714285715,25.704761904761902
Australian Grand Prix,BOT,2,HARD,6,16.683333333333334,28.37222222222222
Australian Grand Prix,BOT,3,HARD,52,17.182258064516127,28.80322580645161
Australian Grand Prix,DEV,1,HARD,7,16.525641025641026,28.066666666666663
Australian Grand Prix,DEV,2,MEDIUM,37,17.498,30.298000000000002
Australian Grand Prix,DEV,3,SOFT,8,17.38235294117647,29.823529411764707
Australian Grand Prix,GAS,1,SOFT,7,16.66774193548387,28.635483870967743
Australian Grand Prix,GAS,2,HARD,46,17.21060606060606,29.44393939393939
Australian Grand Prix,HAM,1,MEDIUM,7,16.26111111111111,27.405555555555555
Australian Grand Prix,HAM,2,HARD,46,17.25076923076923,29.586153846153845
Australian Grand Prix,HUL,1,MEDIUM,7,16.534615384615385,28.146153846153844
Australian Grand Prix,HUL,2,HARD,46,17.122535211267607,28.956338028169014
Australian Grand Prix,MAG,1,MEDIUM,7,16.423809523809524,28.195238095238096
Australian Grand Prix,MAG,3,HARD,45,17.12121212121212,28.83939393939394
Australian Grand Prix,NOR,1,MEDIUM,7,15.988461538461538,27.03846153846154
Australian Grand Prix,NOR,2,HARD,46,17.390740740740743,29.62777777777778
Australian Grand Prix,OCO,1,SOFT,1,16.396666666666665,27.233333333333334
Australian Grand Prix,OCO,2,HARD,6,16.154166666666665,27.25
Australian Grand Prix,OCO,3,HARD,53,17.50701754385965,30.18421052631579
Australian Grand Prix,PER,1,HARD,1,16.5,27.165
Australian Grand Prix,PER,2,MEDIUM,1,16.275,28.125
Australian Grand Prix,PER,3,HARD,5,16.607692307692307,29.146153846153844
Australian Grand Prix,PER,4,HARD,47,17.72978723404255,30.717021276595744
Australian Grand Prix,PIA,1,MEDIUM,7,16.400000000000002,27.790909090909093
Australian Grand Prix,PIA,2,HARD,46,16.951249999999998,28.222500000000004
Australian Grand Prix,RUS,1,MEDIUM,7,16.433333333333334,27.815151515151513
Australian Grand Prix,RUS,3,HARD,10,16.422727272727272,26.545454545454547
Australian Grand Prix,SAI,1,MEDIUM,7,16.693333333333335,28.46333333333333
Australian Grand Prix,SAI,3,HARD,47,17.412068965517243,30.00344827586207
Australian Grand Prix,SAR,1,HARD,1,16.277272727272727,27.145454545454548
Australian Grand Prix,SAR,2,MEDIUM,1,17.950000000000003,33.8
Australian Grand Prix,SAR,3,HARD,6,15.994736842105265,26.900000000000002
Australian Grand Prix,SAR,4,MEDIUM,28,17.917241379310347,31.803448275862067
Australian Grand Prix,SAR,5,HARD,24,17.804545454545455,30.88181818181818
Australian Grand Prix,STR,1,MEDIUM,8,17.23,30.22
Australian Grand Prix,STR,2,HARD,46,17.276666666666664,29.490000000000002
Australian Grand Prix,TSU,1,MEDIUM,7,16.545714285714286,28.145714285714288
Australian Grand Prix,TSU,2,HARD,46,16.977464788732394,28.343661971830986
Australian Grand Prix,VER,1,MEDIUM,7,16.7,28.695652173913043
Australian Grand Prix,VER,2,HARD,46,17.175757575757576,29.348484848484848
Australian Grand Prix,ZHO,1,SOFT,1,16.103703703703705,26.25925925925926
Australian Grand Prix,ZHO,2,HARD,6,16.47857142857143,28.099999999999998
Australian Grand Prix,ZHO,3,HARD,53,17.370967741935484,29.346774193548388
Austrian Grand Prix,ALB,1,MEDIUM,2,24.9,38.55
Austrian Grand Prix,ALB,2,MEDIUM,14,25.906896551724138,41.49310344827586
Austrian Grand Prix,ALB,3,HARD,27,23.10666666666667,33.21666666666667
Austrian Grand Prix,ALB,4,HARD,30,22.978787878787877,32.31818181818182
Austrian Grand Prix,ALO,1,HARD,2,26.50909090909091,43.33636363636364
Austrian Grand Prix,ALO,2,HARD,15,24.47894736842105,37.38947368421052
Austrian Grand Prix,ALO,3,MEDIUM,29,23.541666666666668,34.18611111111111
Austrian Grand Prix,ALO,4,MEDIUM,27,24.55714285714286,36.82380952380952
Austrian Grand Prix,BOT,1,HARD,2,26.58181818181818,44.46363636363637
Austrian Grand Prix,BOT,2,HARD,21,24.858064516129033,38.53548387096774
Austrian Grand Prix,BOT,3,MEDIUM,19,23.222727272727273,33.33181818181818
Austrian Grand Prix,BOT,4,HARD,30,23.430555555555557,33.544444444444444
Austrian Grand Prix,DEV,1,MEDIUM,2,26.330000000000002,42.3
Austrian Grand Prix,DEV,2,MEDIUM,12,25.504761904761907,40.266666666666666
Austrian Grand Prix,DEV,3,HARD,25,24.510526315789473,37.37105263157895
Austrian Grand Prix,DEV,4,MEDIUM,33,23.704878048780486,34.68292682926829
Austrian Grand Prix,GAS,1,MEDIUM,2,26.311111111111114,43.22222222222222
Austrian Grand Prix,GAS,2,MEDIUM,14,24.736842105263158,38.152631578947364
Austrian Grand Prix,GAS,3,HARD,30,23.945,35.665
Austrian Grand Prix,GAS,4,MEDIUM,27,23.212903225806453,32.91290322580645
Austrian Grand Prix,HAM,1,MEDIUM,2,26.59166666666667,43.574999999999996
Austrian Grand Prix,HAM,2,MEDIUM,14,24.952380952380953,38.30952380952381
Austrian Grand Prix,HAM,3,HARD,28,24.2875,36.755
Austrian Grand Prix,HAM,4,MEDIUM,29,22.990625,32.309375
Austrian Grand Prix,HUL,1,MEDIUM,5,26.641666666666666,43.73333333333333
Austrian Grand Prix,HUL,2,MEDIUM,14,26.008000000000003,41.208
Austrian Grand Prix,HUL,3,HARD,1,26.116666666666664,39.5
Austrian Grand Prix,LEC,1,MEDIUM,2,27.052941176470586,44.858823529411765
Austrian Grand Prix,LEC,2,MEDIUM,15,24.638095238095236,37.285714285714285
Austrian Grand Prix,LEC,3,MEDIUM,32,23.700000000000003,34.826829268292684
Austrian Grand Prix,LEC,4,HARD,24,24.35135135135135,35.983783783783785
Austrian Grand Prix,MAG,1,HARD,1,26.46666666666667,42.483333333333334
Austrian Grand Prix,MAG,2,MEDIUM,1,26.925,42.96666666666667
Austrian Grand Prix,MAG,3,HARD,31,23.95897435897436,36.223076923076924
Austrian Grand Prix,MAG,4,HARD,37,23.506976744186044,34.1
Austrian Grand Prix,NOR,1,MEDIUM,2,26.77857142857143,44.15714285714286
Austrian Grand Prix,NOR,2,MEDIUM,14,24.376470588235293,37.10588235294117
Austrian Grand Prix,NOR,3,HARD,27,23.490909090909092,34.08787878787879
Austrian Grand Prix,NOR,4,HARD,30,23.141176470588235,32.794117647058826
Austrian Grand Prix,OCO,1,MEDIUM,2,25.666666666666668,42.01666666666667
Austrian Grand Prix,OCO,2,MEDIUM,14,25.412,39.8
Austrian Grand Prix,OCO,3,HARD,26,24.5625,37.37
Austrian Grand Prix,OCO,4,HARD,30,23.13823529411765,32.794117647058826
Austrian Grand Prix,PER,1,MEDIUM,2,26.0875,41.8375
Austrian Grand Prix,PER,2,MEDIUM,25,24.138709677419353,36.59032258064516
Austrian Grand Prix,PER,3,MEDIUM,25,24.347368421052632,36.66315789473684
Austrian Grand Prix,PER,4,HARD,21,23.724999999999998,33.871428571428574
Austrian Grand Prix,PIA,1,MEDIUM,2,26.518181818181816,43.33636363636364
Austrian Grand Prix,PIA,2,MEDIUM,14,25.372,39.38
Austrian Grand Prix,PIA,3,HARD,8,24.706666666666667,36.79333333333333
Austrian Grand Prix,PIA,4,HARD,19,23.395652173913046,33.93913043478261
Austrian Grand Prix,PIA,5,MEDIUM,29,23.94473684210526,35.25
Austrian Grand Prix,RUS,1,MEDIUM,2,26.66923076923077,43.900000000000006
Austrian Grand Prix,RUS,2,MEDIUM,14,25.677777777777777,40.55555555555556
Austrian Grand Prix,RUS,3,HARD,27,23.274193548387096,33.62903225806452
Austrian Grand Prix,RUS,4,MEDIUM,30,23.13529411764706,32.79705882352941
Austrian Grand Prix,SAI,1,MEDIUM,2,27.126315789473683,45.05789473684211
Austrian Grand Prix,SAI,2,MEDIUM,15,24.68095238095238,37.43333333333334
Austrian Grand Prix,SAI,3,MEDIUM,30,23.450000000000003,34.24166666666667
Austrian Grand Prix,SAI,4,HARD,26,23.243333333333332,33.00666666666667
Austrian Grand Prix,SAR,1,MEDIUM,2,27.294117647058822,45.00588235294118
Austrian Grand Prix,SAR,2,MEDIUM,14,23.88,35.72
Austrian Grand Prix,SAR,3,HARD,29,23.059375,33.084375
Austrian Grand Prix,SAR,4,HARD,27,23.49375,33.953125
Austrian Grand Prix,STR,1,MEDIUM,2,26.369999999999997,42.9
Austrian Grand Prix,STR,2,MEDIUM,15,24.415,36.635000000000005
Austrian Grand Prix,STR,3,HARD,21,23.862068965517242,34.93448275862069
Austrian Grand Prix,STR,4,HARD,18,24.185185185185187,36.048148148148144
Austrian Grand Prix,STR,5,MEDIUM,17,24.150000000000002,35.38333333333333
Austrian Grand Prix,TSU,1,MEDIUM,1,26.939999999999998,43.89
Austrian Grand Prix,TSU,2,HARD,1,27.200000000000003,44.24444444444444
Austrian Grand Prix,TSU,3,HARD,22,24.855882352941176,38.58529411764706
Austrian Grand Prix,TSU,4,HARD,20,24.228571428571428,36.48571428571429
Austrian Grand Prix,TSU,5,MEDIUM,27,22.6,31.3962962962963
Austrian Grand Prix,VER,1,MEDIUM,2,26.35,42.81
Austrian Grand Prix,VER,2,MEDIUM,24,23.982758620689655,35.86551724137931
Austrian Grand Prix,VER,3,HARD,25,24.339473684210525,36.63157894736842
Austrian Grand Prix,VER,4,MEDIUM,20,24.223333333333336,35.39666666666667
Austrian Grand Prix,VER,5,SOFT,5,24.35,34.425
Austrian Grand Prix,ZHO,1,MEDIUM,2,26.675,44.175000000000004
Austrian Grand Prix,ZHO,2,MEDIUM,8,24.344444444444445,36.68888888888889
Austrian Grand Prix,ZHO,3,HARD,30,24.242857142857144,36.61904761904762
Austrian Grand Prix,ZHO,4,HARD,32,23.35135135135135,33.597297297297295
Azerbaijan Grand Prix,ALB,1,MEDIUM,7,22.526666666666664,42.85333333333333
Azerbaijan Grand Prix,ALB,2,HARD,44,24.704166666666666,40.36875
Azerbaijan Grand Prix,ALO,1,MEDIUM,10,22.938888888888886,42.72777777777778
Azerbaijan Grand Prix,ALO,2,HARD,40,24.697727272727274,40.27727272727273
Azerbaijan Grand Prix,BOT,1,MEDIUM,6,22.37857142857143,42.857142857142854
Azerbaijan Grand Prix,BOT,2,HARD,6,22.98,43.53
Azerbaijan Grand Prix,BOT,3,HARD,22,23.982758620689655,41.189655172413794
Azerbaijan Grand Prix,BOT,4,MEDIUM,16,24.549999999999997,36.62777777777777
Azerbaijan Grand Prix,DEV,1,HARD,9,23.0125,43.05
Azerbaijan Grand Prix,GAS,1,MEDIUM,5,22.333333333333332,42.75833333333333
Azerbaijan Grand Prix,GAS,2,HARD,18,25.10625,41.85
Azerbaijan Grand Prix,GAS,3,HARD,28,25.275000000000002,38.596428571428575
Azerbaijan Grand Prix,HAM,1,MEDIUM,9,23.384615384615383,41.684615384615384
Azerbaijan Grand Prix,HAM,2,HARD,42,25.274358974358975,39.57179487179487
Azerbaijan Grand Prix,HUL,1,HARD,49,24.418181818181818,40.64363636363637
Azerbaijan Grand Prix,HUL,2,SOFT,1,20.85,38.95
Azerbaijan Grand Prix,LEC,1,MEDIUM,10,23.15294117647059,42.976470588235294
Azerbaijan Grand Prix,LEC,2,HARD,40,24.86904761904762,40.05238095238095
Azerbaijan Grand Prix,MAG,1,MEDIUM,10,22.778947368421054,42.45789473684211
Azerbaijan Grand Prix,MAG,2,HARD,41,25.24871794871795,39.47948717948718
Azerbaijan Grand Prix,NOR,1,MEDIUM,9,22.841176470588238,42.71176470588235
Azerbaijan Grand Prix,NOR,2,HARD,42,24.693333333333335,40.29111111111111
Azerbaijan Grand Prix,OCO,1,HARD,50,24.652830188679243,40.46415094339623
Azerbaijan Grand Prix,OCO,2,SOFT,1,24.6,34.8
Azerbaijan Grand Prix,PER,1,MEDIUM,10,23.466666666666665,42.806666666666665
Azerbaijan Grand Prix,PER,2,HARD,40,24.790697674418606,40.20232558139535
Azerbaijan Grand Prix,PIA,1,MEDIUM,8,22.80666666666667,42.68
Azerbaijan Grand Prix,PIA,2,HARD,43,24.780434782608697,40.23913043478261
Azerbaijan Grand Prix,RUS,1,MEDIUM,10,22.97222222222222,42.72777777777778
Azerbaijan Grand Prix,RUS,2,HARD,38,24.97948717948718,40.148717948717945
Azerbaijan Grand Prix,RUS,3,SOFT,2,21.05,36.1125
Azerbaijan Grand Prix,SAI,1,MEDIUM,10,23.13529411764706,43.01764705882353
Azerbaijan Grand Prix,SAI,2,HARD,40,24.693181818181817,40.26363636363636
Azerbaijan Grand Prix,SAR,1,MEDIUM,8,22.84,42.64666666666667
Azerbaijan Grand Prix,SAR,2,HARD,43,24.778260869565216,40.22391304347826
Azerbaijan Grand Prix,STR,1,MEDIUM,10,22.950000000000003,42.71111111111111
Azerbaijan Grand Prix,STR,2,HARD,43,24.697727272727274,40.25909090909091
Azerbaijan Grand Prix,TSU,1,MEDIUM,8,23.572727272727274,42.02727272727273
Azerbaijan Grand Prix,TSU,2,HARD,43,24.53125,39.63333333333333
Azerbaijan Grand Prix,VER,1,MEDIUM,10,23.2875,42.9125
Azerbaijan Grand Prix,VER,2,HARD,41,24.790697674418606,40.20232558139535
Azerbaijan Grand Prix,ZHO,1,MEDIUM,10,22.950000000000003,42.73888888888889
Azerbaijan Grand Prix,ZHO,2,HARD,25,24.451724137931034,41.8448275862069
Bahrain Grand Prix,ALB,1,SOFT,11,26.194117647058825,30.7
Bahrain Grand Prix,ALB,2,SOFT,15,26.508000000000003,32.384
Bahrain Grand Prix,ALB,3,HARD,14,26.164,31.576
Bahrain Grand Prix,ALB,4,SOFT,17,24.82857142857143,28.985714285714284
Bahrain Grand Prix,ALO,1,SOFT,17,26.2448275862069,32.54482758620689
Bahrain Grand Prix,ALO,2,HARD,20,26.27741935483871,31.541935483870965
Bahrain Grand Prix,ALO,3,HARD,23,26.4,31.296875
Bahrain Grand Prix,BOT,1,SOFT,11,25.833333333333332,30.81904761904762
Bahrain Grand Prix,BOT,2,HARD,18,26.839285714285715,33.13928571428571
Bahrain Grand Prix,BOT,3,HARD,28,26.24,29.92571428571429
Bahrain Grand Prix,DEV,1,SOFT,11,26.05652173913043,32.23913043478261
Bahrain Grand Prix,DEV,2,HARD,16,26.32903225806452,32.29677419354839
Bahrain Grand Prix,DEV,3,HARD,29,25.595744680851062,29.96382978723404
Bahrain Grand Prix,GAS,1,SOFT,9,26.3125,33.4625
Bahrain Grand Prix,GAS,2,HARD,16,26.236,31.28
Bahrain Grand Prix,GAS,3,HARD,15,25.42,30.97714285714286
Bahrain Grand Prix,GAS,4,SOFT,17,26.341176470588238,28.98235294117647
Bahrain Grand Prix,HAM,1,SOFT,15,26.658823529411762,31.670588235294115
Bahrain Grand Prix,HAM,2,HARD,18,26.319230769230767,30.930769230769233
Bahrain Grand Prix,HAM,3,HARD,27,26.35945945945946,30.87297297297297
Bahrain Grand Prix,HUL,1,SOFT,14,26.58823529411765,32.11764705882353
Bahrain Grand Prix,HUL,2,HARD,15,26.945945945945947,35.097297297297295
Bahrain Grand Prix,HUL,3,HARD,14,25.857142857142858,32.511428571428574
Bahrain Grand Prix,HUL,4,SOFT,19,25.02962962962963,28.42222222222222
Bahrain Grand Prix,LEC,1,SOFT,13,26.855555555555554,32.34444444444445
Bahrain Grand Prix,LEC,2,HARD,20,26.451851851851853,30.98148148148148
Bahrain Grand Prix,LEC,3,HARD,6,26.083333333333332,31.766666666666666
Bahrain Grand Prix,MAG,1,HARD,15,26.337500000000002,31.391666666666666
Bahrain Grand Prix,MAG,2,HARD,14,26.738235294117647,34.40294117647059
Bahrain Grand Prix,MAG,3,SOFT,11,25.946428571428573,33.017857142857146
Bahrain Grand Prix,MAG,4,SOFT,16,26.34375,28.98125
Bahrain Grand Prix,NOR,1,SOFT,10,26.571428571428573,33.74761904761905
Bahrain Grand Prix,NOR,2,HARD,7,26.313333333333333,32.44
Bahrain Grand Prix,NOR,3,SOFT,13,24.99642857142857,30.207142857142856
Bahrain Grand Prix,NOR,4,MEDIUM,10,25.653846153846153,32.034615384615385
Bahrain Grand Prix,NOR,5,HARD,10,25.958333333333332,28.941666666666666
Bahrain Grand Prix,NOR,6,SOFT,11,26.285714285714285,28.885714285714283
Bahrain Grand Prix,NOR,7,SOFT,7,26.3,28.7
Bahrain Grand Prix,OCO,1,SOFT,15,26.386363636363637,31.972727272727273
Bahrain Grand Prix,OCO,2,HARD,3,25.553333333333335,33.32
Bahrain Grand Prix,OCO,3,HARD,20,25.613953488372093,31.66046511627907
Bahrain Grand Prix,OCO,4,HARD,9,26.00909090909091,29.127272727272725
Bahrain Grand Prix,PER,1,SOFT,20,26.845454545454547,31.95909090909091
Bahrain Grand Prix,PER,2,SOFT,19,26.451999999999998,31.404
Bahrain Grand Prix,PER,3,HARD,23,26.226666666666667,30.41
Bahrain Grand Prix,PIA,1,SOFT,13,26.726923076923075,33.96923076923077
Bahrain Grand Prix,RUS,1,SOFT,16,26.392592592592592,33.214814814814815
Bahrain Grand Prix,RUS,2,HARD,18,26.32,30.872
Bahrain Grand Prix,RUS,3,HARD,26,25.71875,30.733333333333334
Bahrain Grand Prix,SAI,1,SOFT,16,26.885,33.255
Bahrain Grand Prix,SAI,2,HARD,18,26.412,31.06
Bahrain Grand Prix,SAI,3,HARD,26,26.23548387096774,29.74516129032258
Bahrain Grand Prix,SAR,1,SOFT,12,26.205000000000002,31.055
Bahrain Grand Prix,SAR,2,SOFT,18,26.334375,32.321875
Bahrain Grand Prix,SAR,3,HARD,10,25.98421052631579,31.68421052631579
Bahrain Grand Prix,SAR,4,SOFT,16,25.126829268292685,30.70731707317073
Bahrain Grand Prix,STR,1,SOFT,18,26.417857142857144,32.31071428571429
Bahrain Grand Prix,STR,2,HARD,15,26.09642857142857,31.967857142857145
Bahrain Grand Prix,STR,3,HARD,27,26.365714285714283,30.55142857142857
Bahrain Grand Prix,TSU,1,SOFT,10,26.420689655172417,34.40689655172414
Bahrain Grand Prix,TSU,2,HARD,16,26.044,30.728
Bahrain Grand Prix,TSU,3,HARD,14,25.13823529411765,30.029411764705884
Bahrain Grand Prix,TSU,4,SOFT,20,26.07894736842105,28.847368421052632
Bahrain Grand Prix,VER,1,SOFT,17,26.83181818181818,32.70909090909091
Bahrain Grand Prix,VER,2,SOFT,22,26.43793103448276,30.7
Bahrain Grand Prix,VER,3,HARD,21,25.11081081081081,29.024324324324326
Bahrain Grand Prix,ZHO,1,SOFT,12,26.10454545454546,31.4
Bahrain Grand Prix,ZHO,2,HARD,20,26.793333333333333,32.79666666666667
Bahrain Grand Prix,ZHO,3,SOFT,25,26.237037037037037,29.82962962962963
Bahrain Grand Prix,ZHO,4,SOFT,5,24.85,30.7
Belgian Grand Prix,ALB,1,SOFT,7,18.441666666666666,28.2
Belgian Grand Prix,ALB,2,MEDIUM,16,18.01764705882353,28.0
Belgian Grand Prix,ALB,3,MEDIUM,10,17.52,28.29
Belgian Grand Prix,ALB,4,SOFT,11,18.78181818181818,29.254545454545454
Belgian Grand Prix,ALO,1,MEDIUM,10,18.292857142857144,28.571428571428573
Belgian Grand Prix,ALO,2,MEDIUM,19,17.695,27.26
Belgian Grand Prix,ALO,3,SOFT,15,18.7125,29.3875
Belgian Grand Prix,BOT,1,SOFT,6,18.35,29.0375
Belgian Grand Prix,BOT,2,MEDIUM,18,18.02,27.76
Belgian Grand Prix,BOT,3,MEDIUM,20,18.360869565217392,28.291304347826088
Belgian Grand Prix,GAS,1,SOFT,23,18.11923076923077,28.54615384615385
Belgian Grand Prix,GAS,2,MEDIUM,21,18.269565217391303,28.41304347826087
Belgian Grand Prix,HAM,1,SOFT,12,18.240000000000002,28.846666666666668
Belgian Grand Prix,HAM,2,MEDIUM,15,17.794117647058822,26.705882352941178
Belgian Grand Prix,HAM,3,SOFT,15,18.558823529411764,29.08235294117647
Belgian Grand Prix,HAM,4,MEDIUM,2,19.6,25.74
Belgian Grand Prix,HUL,1,MEDIUM,12,18.313333333333333,29.240000000000002
Belgian Grand Prix,HUL,2,SOFT,12,17.823076923076922,27.03076923076923
Belgian Grand Prix,HUL,3,SOFT,20,18.25,29.03
Belgian Grand Prix,LEC,1,SOFT,13,18.323529411764707,28.723529411764705
Belgian Grand Prix,LEC,2,MEDIUM,15,17.65,26.80625
Belgian Grand Prix,LEC,3,SOFT,16,18.61176470588235,29.423529411764704
Belgian Grand Prix,MAG,1,SOFT,5,18.555555555555557,28.27777777777778
Belgian Grand Prix,MAG,2,MEDIUM,20,17.98695652173913,27.604347826086954
Belgian Grand Prix,MAG,3,MEDIUM,19,18.442857142857143,28.695238095238096
Belgian Grand Prix,NOR,1,MEDIUM,5,18.555555555555557,28.166666666666668
Belgian Grand Prix,NOR,2,HARD,12,18.2875,27.95625
Belgian Grand Prix,NOR,3,SOFT,27,18.107142857142858,28.214285714285715
Belgian Grand Prix,OCO,1,SOFT,6,18.366666666666667,28.54444444444444
Belgian Grand Prix,OCO,2,MEDIUM,19,17.96666666666667,27.64761904761905
Belgian Grand Prix,OCO,3,SOFT,19,18.384999999999998,28.96
Belgian Grand Prix,PER,1,SOFT,13,18.38888888888889,28.46111111111111
Belgian Grand Prix,PER,2,MEDIUM,16,17.670588235294115,26.988235294117647
Belgian Grand Prix,PER,3,SOFT,15,18.827777777777776,28.761111111111113
Belgian Grand Prix,RIC,1,SOFT,5,18.337500000000002,28.0375
Belgian Grand Prix,RIC,2,MEDIUM,17,18.089473684210525,28.205263157894734
Belgian Grand Prix,RIC,3,MEDIUM,22,18.14090909090909,28.663636363636364
Belgian Grand Prix,RUS,1,MEDIUM,22,18.161538461538463,28.415384615384614
Belgian Grand Prix,RUS,2,SOFT,22,18.224,28.092
Belgian Grand Prix,SAI,1,SOFT,7,18.372727272727275,28.29090909090909
Belgian Grand Prix,SAI,2,MEDIUM,16,18.021052631578947,27.31578947368421
Belgian Grand Prix,SAR,1,SOFT,8,18.358333333333334,28.108333333333334
Belgian Grand Prix,SAR,2,MEDIUM,16,17.8625,27.85
Belgian Grand Prix,SAR,3,MEDIUM,10,17.669999999999998,28.72
Belgian Grand Prix,SAR,4,SOFT,10,18.830000000000002,29.339999999999996
Belgian Grand Prix,STR,1,MEDIUM,20,18.177272727272726,29.013636363636362
Belgian Grand Prix,STR,2,SOFT,24,18.116,28.2
Belgian Grand Prix,TSU,1,MEDIUM,9,18.33076923076923,28.5
Belgian Grand Prix,TSU,2,MEDIUM,15,17.96470588235294,27.34705882352941
Belgian Grand Prix,TSU,3,SOFT,20,18.304761904761904,28.757142857142856
Belgian Grand Prix,VER,1,SOFT,14,18.344444444444445,28.700000000000003
Belgian Grand Prix,VER,2,MEDIUM,16,17.76111111111111,26.833333333333332
Belgian Grand Prix,VER,3,SOFT,14,18.876470588235293,28.66470588235294
Belgian Grand Prix,ZHO,1,SOFT,7,18.3,28.589999999999996
Belgian Grand Prix,ZHO,2,MEDIUM,18,17.96,27.47
Belgian Grand Prix,ZHO,3,SOFT,19,18.31578947368421,29.194736842105264
British Grand Prix,ALB,1,MEDIUM,32,21.267441860465116,29.016279069767442
British Grand Prix,ALB,2,SOFT,24,21.95,30.560000000000002
British Grand Prix,ALO,1,MEDIUM,34,21.47906976744186,30.172093023255815
British Grand Prix,ALO,2,SOFT,22,22.79259259259259,34.41481481481482
British Grand Prix,BOT,1,HARD,32,22.00862068965517,31.124137931034483
British Grand Prix,BOT,2,SOFT,20,22.404545454545453,31.904545454545453
British Grand Prix,DEV,1,SOFT,27,22.083673469387755,30.648979591836735
British Grand Prix,DEV,2,MEDIUM,5,23.242105263157896,34.53684210526316
British Grand Prix,DEV,3,SOFT,20,23.12121212121212,32.75151515151515
British Grand Prix,GAS,1,MEDIUM,31,21.95357142857143,31.2
British Grand Prix,GAS,2,SOFT,17,21.577777777777776,28.983333333333334
British Grand Prix,HAM,1,MEDIUM,33,21.678431372549017,30.492156862745095
British Grand Prix,HAM,2,SOFT,22,22.24230769230769,30.950000000000003
British Grand Prix,HUL,1,HARD,7,23.095,32.61
British Grand Prix,HUL,2,MEDIUM,25,21.34,30.042857142857144
British Grand Prix,HUL,3,SOFT,20,23.65,32.89772727272727
British Grand Prix,LEC,1,MEDIUM,18,21.568181818181817,30.386363636363637
British Grand Prix,LEC,2,HARD,14,21.348148148148148,30.01111111111111
British Grand Prix,LEC,3,MEDIUM,20,21.522727272727273,29.113636363636363
British Grand Prix,MAG,1,MEDIUM,31,21.6475,31.085
British Grand Prix,NOR,1,MEDIUM,33,21.66938775510204,30.597959183673467
British Grand Prix,NOR,2,HARD,19,22.357894736842105,31.021052631578947
British Grand Prix,OCO,1,SOFT,9,22.17391304347826,28.604347826086954
British Grand Prix,PER,1,MEDIUM,28,21.639024390243904,30.07560975609756
British Grand Prix,PER,2,SOFT,24,22.17096774193548,32.68709677419355
British Grand Prix,PIA,1,MEDIUM,29,21.860869565217392,30.13478260869565
British Grand Prix,PIA,2,HARD,23,21.95,31.045833333333334
British Grand Prix,RUS,1,SOFT,31,21.667391304347827,30.130434782608695
British Grand Prix,RUS,2,MEDIUM,24,22.00344827586207,32.03103448275862
British Grand Prix,SAI,1,MEDIUM,26,22.025,31.827499999999997
British Grand Prix,SAI,2,HARD,26,21.655555555555555,29.577777777777776
British Grand Prix,SAR,1,MEDIUM,29,21.853846153846153,31.107692307692307
British Grand Prix,SAR,2,SOFT,23,22.021875,30.134375
British Grand Prix,STR,1,MEDIUM,32,21.979166666666668,31.914583333333336
British Grand Prix,STR,2,SOFT,24,22.26875,32.68125
British Grand Prix,TSU,1,SOFT,14,22.710526315789473,31.757894736842104
British Grand Prix,TSU,2,HARD,18,21.46666666666667,31.44074074074074
British Grand Prix,TSU,3,SOFT,20,22.61764705882353,33.33529411764706
British Grand Prix,VER,1,MEDIUM,33,21.678,30.934
British Grand Prix,VER,2,SOFT,22,22.496666666666666,32.36666666666667
British Grand Prix,ZHO,1,MEDIUM,24,21.514285714285716,29.042857142857144
British Grand Prix,ZHO,2,HARD,9,22.842105263157894,36.17368421052631
British Grand Prix,ZHO,3,SOFT,2,24.077777777777776,34.94444444444444
British Grand Prix,ZHO,4,SOFT,19,22.485714285714284,32.938095238095244
Canadian Grand Prix,ALB,1,MEDIUM,13,19.06551724137931,29.475862068965515
Canadian Grand Prix,ALB,2,HARD,58,18.56756756756757,28.389189189189192
Canadian Grand Prix,ALO,1,MEDIUM,12,19.48,31.195999999999998
Canadian Grand Prix,ALO,2,HARD,29,18.659574468085108,28.138297872340427
Canadian Grand Prix,ALO,3,HARD,29,18.297727272727272,26.568181818181817
Canadian Grand Prix,BOT,1,HARD,36,19.319607843137256,31.298039215686277
Canadian Grand Prix,BOT,2,MEDIUM,34,17.96153846153846,25.89423076923077
Canadian Grand Prix,DEV,1,MEDIUM,11,19.424,30.8
Canadian Grand Prix,DEV,2,HARD,39,18.63859649122807,28.545614035087716
Canadian Grand Prix,DEV,3,HARD,19,19.1625,28.47083333333333
Canadian Grand Prix,GAS,1,SOFT,10,18.926315789473687,27.79736842105263
Canadian Grand Prix,GAS,2,HARD,23,19.546153846153846,32.03846153846154
Canadian Grand Prix,GAS,3,HARD,37,20.098039215686274,30.764705882352942
Canadian Grand Prix,HAM,1,MEDIUM,12,20.34,32.46
Canadian Grand Prix,HAM,2,HARD,28,18.458536585365852,27.882926829268293
Canadian Grand Prix,HAM,3,MEDIUM,30,18.93421052631579,28.26842105263158
Canadian Grand Prix,HUL,1,MEDIUM,11,18.989655172413794,29.482758620689655
Canadian Grand Prix,HUL,2,HARD,20,18.05,27.153125
Canadian Grand Prix,HUL,3,HARD,38,18.433333333333334,27.697916666666668
Canadian Grand Prix,LEC,1,MEDIUM,39,18.374137931034483,28.936206896551724
Canadian Grand Prix,LEC,2,HARD,31,18.627777777777776,26.996296296296297
Canadian Grand Prix,MAG,1,HARD,34,18.93529411764706,30.2921568627451
Canadian Grand Prix,MAG,2,MEDIUM,18,18.40625,26.8875
Canadian Grand Prix,MAG,3,MEDIUM,16,17.923333333333336,25.08
Canadian Grand Prix,NOR,1,MEDIUM,12,19.588,31.408
Canadian Grand Prix,NOR,2,HARD,23,17.530952380952378,25.428571428571427
Canadian Grand Prix,NOR,3,HARD,36,18.738636363636363,28.420454545454547
Canadian Grand Prix,OCO,1,MEDIUM,12,19.874193548387098,31.34193548387097
Canadian Grand Prix,OCO,2,HARD,24,18.38157894736842,27.628947368421056
Canadian Grand Prix,OCO,3,HARD,34,18.975675675675678,29.178378378378376
Canadian Grand Prix,PER,1,HARD,37,19.048076923076923,30.609615384615385
Canadian Grand Prix,PER,2,MEDIUM,31,17.879591836734694,25.618367346938776
Canadian Grand Prix,PER,3,SOFT,2,17.18,22.09
Canadian Grand Prix,PIA,1,MEDIUM,12,19.7448275862069,31.33103448275862
Canadian Grand Prix,PIA,2,HARD,25,17.871739130434783,26.2
Canadian Grand Prix,PIA,3,HARD,33,18.27173913043478,26.932608695652174
Canadian Grand Prix,RUS,1,MEDIUM,11,20.693103448275863,33.13448275862069
Canadian Grand Prix,RUS,2,HARD,41,18.64181818181818,28.605454545454545
Canadian Grand Prix,SAI,1,MEDIUM,38,18.603333333333335,29.34333333333333
Canadian Grand Prix,SAI,2,HARD,32,19.06382978723404,28.274468085106385
Canadian Grand Prix,SAR,1,MEDIUM,6,18.477777777777778,27.29259259259259
Canadian Grand Prix,STR,1,MEDIUM,11,18.880000000000003,30.095
Canadian Grand Prix,STR,2,HARD,16,18.208333333333332,26.86111111111111
Canadian Grand Prix,STR,3,HARD,43,18.666666666666668,28.080701754385963
Canadian Grand Prix,TSU,1,MEDIUM,1,19.9,30.3
Canadian Grand Prix,TSU,2,HARD,34,18.515384615384615,28.64423076923077
Canadian Grand Prix,VER,1,MEDIUM,12,19.552,31.344
Canadian Grand Prix,VER,2,HARD,30,18.053061224489795,26.79387755102041
Canadian Grand Prix,VER,3,MEDIUM,28,18.342105263157894,27.057894736842105
Canadian Grand Prix,ZHO,1,MEDIUM,12,20.05185185185185,32.4
Canadian Grand Prix,ZHO,2,HARD,20,18.01578947368421,26.56578947368421
Canadian Grand Prix,ZHO,3,HARD,37,18.45098039215686,27.53529411764706
Dutch Grand Prix,ALB,1,SOFT,44,17.462745098039218,27.24705882352941
Dutch Grand Prix,ALB,2,MEDIUM,17,18.204545454545453,28.29090909090909
Dutch Grand Prix,ALB,3,INTERMEDIATE,7,20.254545454545454,33.36363636363637
Dutch Grand Prix,ALB,5,INTERMEDIATE,14,15.814285714285715,19.25714285714286
Dutch Grand Prix,ALO,1,SOFT,2,18.599999999999998,29.900000000000002
Dutch Grand Prix,ALO,2,INTERMEDIATE,8,18.025,27.950000000000003
Dutch Grand Prix,ALO,3,SOFT,38,17.41904761904762,27.62142857142857
Dutch Grand Prix,ALO,4,SOFT,15,18.685714285714283,29.390476190476193
Dutch Grand Prix,ALO,5,INTERMEDIATE,5,17.1,24.35
Dutch Grand Prix,ALO,6,INTERMEDIATE,14,15.814285714285715,19.271428571428572
Dutch Grand Prix,BOT,1,SOFT,16,16.86470588235294,25.49411764705882
Dutch Grand Prix,BOT,2,MEDIUM,31,17.943589743589744,28.446153846153848
Dutch Grand Prix,BOT,3,SOFT,12,17.630769230769232,26.576923076923077
Dutch Grand Prix,BOT,4,INTERMEDIATE,4,19.51,31.21
Dutch Grand Prix,BOT,6,INTERMEDIATE,9,15.799999999999999,19.25714285714286
Dutch Grand Prix,GAS,1,SOFT,1,20.666666666666668,32.324999999999996
Dutch Grand Prix,GAS,2,INTERMEDIATE,16,18.441176470588236,29.435294117647057
Dutch Grand Prix,GAS,3,SOFT,35,17.74186046511628,28.32325581395349
Dutch Grand Prix,GAS,4,SOFT,14,17.37142857142857,26.17142857142857
Dutch Grand Prix,GAS,5,INTERMEDIATE,3,17.1,24.46666666666667
Dutch Grand Prix,GAS,6,INTERMEDIATE,12,15.814285714285715,19.25714285714286
Dutch Grand Prix,HAM,1,MEDIUM,3,19.845454545454547,30.88181818181818
Dutch Grand Prix,HAM,2,INTERMEDIATE,6,18.240000000000002,28.25
Dutch Grand Prix,HAM,3,SOFT,36,16.977777777777778,26.605555555555554
Dutch Grand Prix,HAM,4,SOFT,15,18.265,28.544999999999998
Dutch Grand Prix,HAM,5,INTERMEDIATE,9,17.1,24.46666666666667
Dutch Grand Prix,HAM,6,INTERMEDIATE,14,15.814285714285715,19.25714285714286
Dutch Grand Prix,HUL,1,SOFT,16,17.891304347826086,27.230434782608693
Dutch Grand Prix,HUL,2,MEDIUM,32,17.36470588235294,27.685294117647057
Dutch Grand Prix,HUL,3,SOFT,12,17.576923076923077,26.46923076923077
Dutch Grand Prix,HUL,4,INTERMEDIATE,6,17.066666666666666,23.933333333333334
Dutch Grand Prix,HUL,6,INTERMEDIATE,13,15.814285714285715,19.25714285714286
Dutch Grand Prix,LAW,1,SOFT,1,17.5,28.6
Dutch Grand Prix,LAW,2,INTERMEDIATE,14,16.544444444444444,24.855555555555558
Dutch Grand Prix,LAW,3,SOFT,7,16.62857142857143,25.014285714285712
Dutch Grand Prix,LAW,4,MEDIUM,29,17.106896551724137,27.155172413793103
Dutch Grand Prix,LAW,5,SOFT,13,17.361538461538462,26.092307692307692
Dutch Grand Prix,LAW,6,INTERMEDIATE,3,17.1,24.566666666666666
Dutch Grand Prix,LAW,8,INTERMEDIATE,16,15.814285714285715,19.25714285714286
Dutch Grand Prix,LEC,1,SOFT,1,20.477777777777778,31.799999999999997
Dutch Grand Prix,LEC,2,INTERMEDIATE,10,18.28125,29.13125
Dutch Grand Prix,LEC,3,SOFT,30,17.818421052631578,28.686842105263157
Dutch Grand Prix,MAG,1,SOFT,1,19.96,30.619999999999997
Dutch Grand Prix,MAG,2,INTERMEDIATE,8,18.23846153846154,27.884615384615383
Dutch Grand Prix,MAG,3,SOFT,26,17.40344827586207,27.78620689655172
Dutch Grand Prix,MAG,4,MEDIUM,25,17.660714285714285,26.760714285714283
Dutch Grand Prix,MAG,5,INTERMEDIATE,2,19.1,30.3
Dutch Grand Prix,MAG,7,INTERMEDIATE,12,15.814285714285715,19.25714285714286
Dutch Grand Prix,NOR,1,SOFT,3,17.3,28.066666666666666
Dutch Grand Prix,NOR,2,INTERMEDIATE,7,16.4,24.314285714285717
Dutch Grand Prix,NOR,3,SOFT,33,17.096969696969698,26.98181818181818
Dutch Grand Prix,NOR,4,SOFT,21,17.557894736842105,26.542105263157897
Dutch Grand Prix,NOR,5,INTERMEDIATE,7,18.150000000000002,26.85
Dutch Grand Prix,NOR,7,INTERMEDIATE,20,16.4875,21.3375
Dutch Grand Prix,OCO,1,SOFT,2,20.392307692307693,32.04615384615385
Dutch Grand Prix,OCO,2,INTERMEDIATE,8,18.246153846153845,28.976923076923075
Dutch Grand Prix,OCO,3,SOFT,33,17.823809523809523,28.566666666666666
Dutch Grand Prix,OCO,4,SOFT,18,17.355555555555558,26.12222222222222
Dutch Grand Prix,OCO,5,WET,2,17.05,23.55
Dutch Grand Prix,OCO,7,INTERMEDIATE,9,15.814285714285715,19.25714285714286
Dutch Grand Prix,PER,1,SOFT,1,20.60909090909091,32.20909090909091
Dutch Grand Prix,PER,2,INTERMEDIATE,11,17.98125,28.2625
Dutch Grand Prix,PER,3,SOFT,33,17.778048780487804,28.48048780487805
Dutch Grand Prix,PER,4,SOFT,16,17.386666666666667,26.253333333333334
Dutch Grand Prix,PER,5,INTERMEDIATE,9,17.1,24.46666666666667
Dutch Grand Prix,PER,7,INTERMEDIATE,15,15.814285714285715,19.271428571428572
Dutch Grand Prix,PIA,1,SOFT,15,16.62666666666667,25.133333333333333
Dutch Grand Prix,PIA,2,SOFT,31,17.083870967741937,27.048387096774192
Dutch Grand Prix,PIA,3,MEDIUM,14,18.69090909090909,29.245454545454546
Dutch Grand Prix,PIA,4,INTERMEDIATE,8,19.89090909090909,32.27272727272727
Dutch Grand Prix,PIA,6,INTERMEDIATE,13,15.814285714285715,19.25714285714286
Dutch Grand Prix,RUS,1,SOFT,4,19.21,29.73
Dutch Grand Prix,RUS,2,INTERMEDIATE,6,18.7,29.233333333333334
Dutch Grand Prix,RUS,3,SOFT,6,16.566666666666666,24.8
Dutch Grand Prix,RUS,4,HARD,44,17.69607843137255,27.97450980392157
Dutch Grand Prix,RUS,5,INTERMEDIATE,15,17.1,24.46666666666667
Dutch Grand Prix,RUS,7,INTERMEDIATE,9,15.850000000000001,19.549999999999997
Dutch Grand Prix,RUS,8,INTERMEDIATE,11,15.76,19.080000000000002
Dutch Grand Prix,SAI,1,SOFT,2,17.5,29.0
Dutch Grand Prix,SAI,2,INTERMEDIATE,8,16.4875,24.7625
Dutch Grand Prix,SAI,3,SOFT,31,16.967741935483872,26.816129032258065
Dutch Grand Prix,SAI,4,SOFT,21,17.33157894736842,26.042105263157897
Dutch Grand Prix,SAI,5,INTERMEDIATE,18,17.1,24.46666666666667
Dutch Grand Prix,SAI,6,INTERMEDIATE,12,15.814285714285715,19.25714285714286
Dutch Grand Prix,SAR,1,SOFT,14,18.282608695652176,27.956521739130434
Dutch Grand Prix,STR,1,SOFT,4,17.86,28.639999999999997
Dutch Grand Prix,STR,2,INTERMEDIATE,5,16.4,24.240000000000002
Dutch Grand Prix,STR,3,SOFT,7,16.6,24.857142857142858
Dutch Grand Prix,STR,4,MEDIUM,18,17.144444444444446,28.211111111111112
Dutch Grand Prix,STR,5,SOFT,26,17.21923076923077,25.83076923076923
Dutch Grand Prix,STR,6,INTERMEDIATE,8,17.066666666666666,23.933333333333334
Dutch Grand Prix,STR,8,INTERMEDIATE,14,15.814285714285715,19.25714285714286
Dutch Grand Prix,TSU,1,SOFT,1,19.0,29.55
Dutch Grand Prix,TSU,2,INTERMEDIATE,14,16.97,25.630000000000003
Dutch Grand Prix,TSU,3,SOFT,50,17.59122807017544,27.596491228070175
Dutch Grand Prix,TSU,4,INTERMEDIATE,8,19.3,30.457142857142856
Dutch Grand Prix,TSU,6,INTERMEDIATE,14,15.814285714285715,19.25714285714286
Dutch Grand Prix,VER,1,SOFT,2,20.15,31.410000000000004
Dutch Grand Prix,VER,2,INTERMEDIATE,9,19.09047619047619,30.419047619047618
Dutch Grand Prix,VER,3,SOFT,38,17.59318181818182,27.986363636363638
Dutch Grand Prix,VER,4,SOFT,13,17.275000000000002,25.616666666666664
Dutch Grand Prix,VER,5,INTERMEDIATE,14,17.1,24.450000000000003
Dutch Grand Prix,VER,7,INTERMEDIATE,12,15.814285714285715,19.271428571428572
Dutch Grand Prix,ZHO,1,SOFT,1,19.0,29.85
Dutch Grand Prix,ZHO,2,INTERMEDIATE,9,18.34,29.006666666666668
Dutch Grand Prix,ZHO,3,MEDIUM,27,16.977777777777778,27.07037037037037
Dutch Grand Prix,ZHO,4,SOFT,23,18.126666666666665,28.08
Dutch Grand Prix,ZHO,5,INTERMEDIATE,2,17.1,24.5
Hungarian Grand Prix,ALB,1,MEDIUM,8,25.922727272727272,42.77727272727273
Hungarian Grand Prix,ALB,2,HARD,26,27.7625,46.56875
Hungarian Grand Prix,ALB,3,HARD,38,28.904878048780485,46.42926829268293
Hungarian Grand Prix,ALO,1,MEDIUM,23,27.275757575757577,46.19090909090909
Hungarian Grand Prix,ALO,2,HARD,27,27.896774193548385,45.95483870967742
Hungarian Grand Prix,ALO,3,HARD,27,28.46060606060606,45.68787878787879
Hungarian Grand Prix,BOT,1,MEDIUM,12,26.870588235294118,44.42352941176471
Hungarian Grand Prix,BOT,2,HARD,36,28.37297297297297,47.13243243243244
Hungarian Grand Prix,BOT,3,HARD,32,27.785000000000004,43.805
Hungarian Grand Prix,GAS,1,SOFT,1,24.52,40.94
Hungarian Grand Prix,HAM,1,MEDIUM,19,28.022727272727273,47.809090909090905
Hungarian Grand Prix,HAM,2,HARD,33,28.35,46.83
Hungarian Grand Prix,HAM,3,MEDIUM,24,28.25185185185185,44.818518518518516
Hungarian Grand Prix,HUL,1,MEDIUM,19,26.91,45.9
Hungarian Grand Prix,HUL,2,HARD,25,27.445714285714285,46.128571428571426
Hungarian Grand Prix,HUL,3,HARD,36,26.926785714285717,42.33571428571429
Hungarian Grand Prix,LEC,1,MEDIUM,20,27.712,47.176
Hungarian Grand Prix,LEC,2,HARD,26,27.127659574468087,46.4063829787234
Hungarian Grand Prix,LEC,3,HARD,31,28.211111111111112,45.900000000000006
Hungarian Grand Prix,MAG,1,MEDIUM,14,26.728571428571428,45.44285714285714
Hungarian Grand Prix,MAG,2,HARD,30,27.65897435897436,45.715384615384615
Hungarian Grand Prix,MAG,3,HARD,33,27.156521739130437,43.04565217391304
Hungarian Grand Prix,NOR,1,MEDIUM,17,26.619444444444444,45.3
Hungarian Grand Prix,NOR,2,HARD,27,27.986842105263158,46.973684210526315
Hungarian Grand Prix,NOR,3,MEDIUM,29,26.851063829787233,41.34255319148936
Hungarian Grand Prix,OCO,1,MEDIUM,5,24.582608695652173,40.73913043478261
Hungarian Grand Prix,PER,1,HARD,27,27.720000000000002,47.36
Hungarian Grand Prix,PER,2,MEDIUM,24,26.908571428571427,45.52
Hungarian Grand Prix,PER,3,MEDIUM,31,28.335135135135136,45.62432432432432
Hungarian Grand Prix,PIA,1,MEDIUM,20,27.283333333333335,46.56666666666667
Hungarian Grand Prix,PIA,2,HARD,24,27.467567567567567,45.554054054054056
Hungarian Grand Prix,PIA,3,MEDIUM,31,27.64761904761905,44.49047619047619
Hungarian Grand Prix,RIC,1,MEDIUM,21,26.28,44.394999999999996
Hungarian Grand Prix,RIC,2,HARD,14,26.491999999999997,44.716
Hungarian Grand Prix,RIC,3,MEDIUM,43,28.789130434782606,47.03478260869565
Hungarian Grand Prix,RUS,1,HARD,28,27.580487804878047,45.88780487804878
Hungarian Grand Prix,RUS,2,MEDIUM,18,26.576315789473682,43.90526315789474
Hungarian Grand Prix,RUS,3,MEDIUM,24,26.96578947368421,41.3421052631579
Hungarian Grand Prix,SAI,1,SOFT,15,27.303846153846152,46.72692307692308
Hungarian Grand Prix,SAI,2,HARD,29,27.186274509803923,46.38235294117647
Hungarian Grand Prix,SAI,3,HARD,29,28.484375,45.64375
Hungarian Grand Prix,SAR,1,MEDIUM,13,26.791999999999998,44.86
Hungarian Grand Prix,SAR,2,HARD,24,27.55625,46.29375
Hungarian Grand Prix,SAR,3,HARD,33,29.02,47.01714285714286
Hungarian Grand Prix,STR,1,SOFT,9,25.815384615384616,42.86923076923077
Hungarian Grand Prix,STR,2,HARD,30,27.86176470588235,46.220588235294116
Hungarian Grand Prix,STR,3,HARD,39,27.3625,43.03214285714286
Hungarian Grand Prix,TSU,1,SOFT,9,25.56,43.59666666666667
Hungarian Grand Prix,TSU,2,HARD,38,28.10217391304348,47.40217391304348
Hungarian Grand Prix,TSU,3,MEDIUM,25,28.44193548387097,45.68387096774194
Hungarian Grand Prix,VER,1,MEDIUM,26,27.494444444444444,46.580555555555556
Hungarian Grand Prix,VER,2,HARD,28,27.6046511627907,46.593023255813954
Hungarian Grand Prix,VER,3,MEDIUM,22,27.413333333333334,42.833333333333336
Hungarian Grand Prix,ZHO,1,MEDIUM,13,26.589999999999996,43.515
Hungarian Grand Prix,ZHO,2,HARD,33,28.365714285714283,47.222857142857144
Hungarian Grand Prix,ZHO,3,HARD,36,28.797142857142855,46.24
Italian Grand Prix,ALB,1,MEDIUM,18,29.673333333333336,43.44666666666667
Italian Grand Prix,ALB,2,HARD,39,29.94166666666667,42.68055555555556
Italian Grand Prix,ALO,1,MEDIUM,21,29.742857142857144,43.58095238095238
Italian Grand Prix,ALO,2,HARD,33,29.953333333333333,42.43333333333333
Italian Grand Prix,BOT,1,HARD,28,29.764,43.571999999999996
Italian Grand Prix,BOT,2,MEDIUM,28,29.968000000000004,42.28
Italian Grand Prix,GAS,1,MEDIUM,10,29.560000000000002,43.36
Italian Grand Prix,GAS,2,HARD,24,29.890476190476193,43.46666666666666
Italian Grand Prix,GAS,3,MEDIUM,19,30.00526315789474,42.04210526315789
Italian Grand Prix,HAM,1,HARD,30,29.77777777777778,43.55555555555556
Italian Grand Prix,HAM,2,MEDIUM,24,29.97083333333333,42.175000000000004
Italian Grand Prix,HUL,1,MEDIUM,17,29.657142857142855,43.44285714285714
Italian Grand Prix,HUL,2,HARD,30,29.892,43.20399999999999
Italian Grand Prix,HUL,3,MEDIUM,14,30.063636363636363,41.64545454545455
Italian Grand Prix,LAW,1,MEDIUM,16,29.63076923076923,43.42307692307692
Italian Grand Prix,LAW,2,HARD,23,29.869999999999997,43.37
Italian Grand Prix,LAW,3,MEDIUM,20,30.029411764705884,41.99411764705882
Italian Grand Prix,LEC,1,MEDIUM,20,29.73,43.555
Italian Grand Prix,LEC,2,HARD,31,29.958064516129035,42.50967741935484
Italian Grand Prix,MAG,1,HARD,16,29.608333333333334,43.333333333333336
Italian Grand Prix,MAG,2,MEDIUM,21,29.885714285714286,43.37619047619047
Italian Grand Prix,MAG,3,MEDIUM,17,30.023529411764706,41.99411764705882
Italian Grand Prix,NOR,1,MEDIUM,22,29.745454545454546,43.58181818181818
Italian Grand Prix,NOR,2,HARD,33,29.951724137931034,42.393103448275866
Italian Grand Prix,OCO,1,MEDIUM,24,29.7625,43.57083333333333
Italian Grand Prix,OCO,2,HARD,18,29.873333333333335,42.78
Italian Grand Prix,PER,1,MEDIUM,21,29.738095238095237,43.58571428571428
Italian Grand Prix,PER,2,HARD,30,29.956666666666667,42.46
Italian Grand Prix,PIA,1,MEDIUM,23,29.752173913043475,43.582608695652176
Italian Grand Prix,PIA,2,HARD,23,29.90555555555555,42.827777777777776
Italian Grand Prix,PIA,3,MEDIUM,12,30.033333333333335,41.388888888888886
Italian Grand Prix,RUS,1,MEDIUM,19,29.710526315789473,43.52105263157895
Italian Grand Prix,RUS,2,HARD,35,29.95,42.55
Italian Grand Prix,SAI,1,MEDIUM,19,29.71578947368421,43.51052631578948
Italian Grand Prix,SAI,2,HARD,32,29.95625,42.565625
Italian Grand Prix,SAR,1,MEDIUM,17,29.657142857142855,43.44285714285714
Italian Grand Prix,SAR,2,HARD,39,29.938888888888886,42.74444444444444
Italian Grand Prix,STR,1,MEDIUM,20,29.73,43.545
Italian Grand Prix,STR,2,HARD,34,29.95,42.47666666666667
Italian Grand Prix,VER,1,MEDIUM,20,29.73,43.555
Italian Grand Prix,VER,2,HARD,31,29.95483870967742,42.50645161290323
Italian Grand Prix,ZHO,1,MEDIUM,11,29.59090909090909,43.35454545454545
Italian Grand Prix,ZHO,2,HARD,25,29.877272727272725,43.372727272727275
Italian Grand Prix,ZHO,3,MEDIUM,17,30.029411764705884,42.00588235294118
Japanese Grand Prix,ALB,2,MEDIUM,12,27.200000000000003,43.02222222222222
Japanese Grand Prix,ALB,3,SOFT,13,27.325,41.324999999999996
Japanese Grand Prix,ALO,1,SOFT,14,27.1375,43.0875
Japanese Grand Prix,ALO,2,HARD,14,27.32857142857143,41.971428571428575
Japanese Grand Prix,ALO,3,HARD,28,27.260714285714283,37.449999999999996
Japanese Grand Prix,BOT,2,SOFT,5,27.15,42.9
Japanese Grand Prix,GAS,1,MEDIUM,18,27.228571428571428,43.028571428571425
Japanese Grand Prix,GAS,2,HARD,16,27.35625,39.41875
Japanese Grand Prix,GAS,3,HARD,19,27.210526315789473,37.00526315789474
Japanese Grand Prix,HAM,1,MEDIUM,16,27.200000000000003,43.099999999999994
Japanese Grand Prix,HAM,2,HARD,18,27.35,39.86666666666667
Japanese Grand Prix,HAM,3,HARD,19,27.22631578947368,37.06842105263158
Japanese Grand Prix,HUL,1,SOFT,8,27.15,42.775
Japanese Grand Prix,HUL,2,MEDIUM,13,27.26923076923077,42.83076923076923
Japanese Grand Prix,HUL,3,HARD,16,27.349999999999998,38.5875
Japanese Grand Prix,HUL,4,MEDIUM,15,27.206666666666667,36.92666666666666
Japanese Grand Prix,LAW,1,SOFT,10,27.12857142857143,43.05714285714286
Japanese Grand Prix,LAW,2,MEDIUM,15,27.32,42.04666666666667
Japanese Grand Prix,LAW,3,HARD,27,27.27037037037037,37.49629629629629
Japanese Grand Prix,LEC,1,MEDIUM,17,27.207142857142856,43.107142857142854
Japanese Grand Prix,LEC,2,MEDIUM,17,27.35882352941176,39.80588235294118
Japanese Grand Prix,LEC,3,HARD,19,27.22631578947368,37.06842105263158
Japanese Grand Prix,MAG,1,MEDIUM,12,27.175,43.025
Japanese Grand Prix,MAG,2,HARD,19,27.326315789473686,40.752631578947366
Japanese Grand Prix,MAG,3,HARD,21,27.23333333333333,37.15238095238095
Japanese Grand Prix,NOR,1,MEDIUM,17,27.192857142857143,43.128571428571426
Japanese Grand Prix,NOR,2,HARD,19,27.35263157894737,39.55789473684211
Japanese Grand Prix,NOR,3,HARD,17,27.22941176470588,37.05294117647059
Japanese Grand Prix,OCO,2,HARD,27,27.28333333333333,41.925000000000004
Japanese Grand Prix,OCO,3,HARD,25,27.248,37.275999999999996
Japanese Grand Prix,PER,1,MEDIUM,1,27.0,43.9
Japanese Grand Prix,PER,2,HARD,10,27.175,43.025
Japanese Grand Prix,PER,5,SOFT,7,27.3,37.2
Japanese Grand Prix,PIA,1,MEDIUM,13,27.18,43.12
Japanese Grand Prix,PIA,2,HARD,22,27.34090909090909,40.300000000000004
Japanese Grand Prix,PIA,3,HARD,18,27.227777777777778,37.05555555555556
Japanese Grand Prix,RUS,1,MEDIUM,24,27.24761904761905,42.62380952380953
Japanese Grand Prix,RUS,2,HARD,29,27.282758620689656,37.55862068965517
Japanese Grand Prix,SAI,1,MEDIUM,18,27.21333333333333,43.086666666666666
Japanese Grand Prix,SAI,2,MEDIUM,20,27.35,39.22
Japanese Grand Prix,SAI,3,HARD,15,27.21333333333333,36.919999999999995
Japanese Grand Prix,SAR,2,MEDIUM,5,27.2,43.0
Japanese Grand Prix,SAR,3,MEDIUM,16,27.240000000000002,42.873333333333335
Japanese Grand Prix,SAR,4,HARD,1,27.4,40.4
Japanese Grand Prix,STR,1,SOFT,14,27.21,43.03
Japanese Grand Prix,STR,2,MEDIUM,6,27.266666666666666,42.800000000000004
Japanese Grand Prix,TSU,1,SOFT,12,27.116666666666664,42.98333333333333
Japanese Grand Prix,TSU,2,MEDIUM,21,27.323809523809523,41.285714285714285
Japanese Grand Prix,TSU,3,HARD,22,27.25,37.25454545454546
Japanese Grand Prix,VER,1,MEDIUM,16,27.184615384615384,43.12307692307692
Japanese Grand Prix,VER,2,MEDIUM,21,27.342857142857145,39.642857142857146
Japanese Grand Prix,VER,3,HARD,16,27.225,36.99375
Japanese Grand Prix,ZHO,2,SOFT,9,27.150000000000002,42.916666666666664
Japanese Grand Prix,ZHO,3,SOFT,19,27.326315789473686,41.32105263157895
Japanese Grand Prix,ZHO,4,HARD,23,27.247826086956525,37.29130434782609
Las Vegas Grand Prix,ALB,1,MEDIUM,17,17.355,17.419999999999998
Las Vegas Grand Prix,ALB,2,HARD,27,17.71875,17.66875
Las Vegas Grand Prix,ALB,3,HARD,15,17.538888888888888,17.56666666666667
Las Vegas Grand Prix,ALO,1,MEDIUM,12,17.1625,17.31875
Las Vegas Grand Prix,ALO,2,HARD,25,17.815384615384616,17.61923076923077
Las Vegas Grand Prix,ALO,3,HARD,23,17.351724137931033,17.53793103448276
Las Vegas Grand Prix,BOT,1,HARD,29,17.542105263157897,17.650000000000002
Las Vegas Grand Prix,BOT,2,MEDIUM,28,17.59142857142857,17.682857142857145
Las Vegas Grand Prix,GAS,1,MEDIUM,17,17.2,17.4375
Las Vegas Grand Prix,GAS,2,HARD,15,17.518181818181816,17.813636363636366
Las Vegas Grand Prix,GAS,3,HARD,26,17.33888888888889,17.59166666666667
Las Vegas Grand Prix,HAM,1,MEDIUM,15,17.44,17.64
Las Vegas Grand Prix,HAM,2,HARD,20,17.73913043478261,17.63478260869565
Las Vegas Grand Prix,HAM,3,HARD,23,17.2,17.57027027027027
Las Vegas Grand Prix,HUL,1,MEDIUM,13,17.16,17.555
Las Vegas Grand Prix,HUL,2,HARD,20,17.606896551724137,17.83103448275862
Las Vegas Grand Prix,HUL,3,HARD,25,17.63448275862069,17.617241379310347
Las Vegas Grand Prix,LEC,1,MEDIUM,17,17.363636363636363,17.490909090909092
Las Vegas Grand Prix,LEC,2,HARD,18,17.663636363636364,17.686363636363637
Las Vegas Grand Prix,LEC,3,HARD,23,16.68936170212766,17.27872340425532
Las Vegas Grand Prix,MAG,1,MEDIUM,5,16.80625,17.91875
Las Vegas Grand Prix,MAG,2,HARD,17,17.719047619047622,17.738095238095237
Las Vegas Grand Prix,MAG,3,HARD,35,17.623255813953488,17.672093023255815
Las Vegas Grand Prix,NOR,1,MEDIUM,14,17.235,17.53
Las Vegas Grand Prix,NOR,2,HARD,19,17.813636363636363,17.70909090909091
Las Vegas Grand Prix,NOR,3,HARD,25,17.675,17.592857142857145
Las Vegas Grand Prix,OCO,1,MEDIUM,15,17.12272727272727,17.431818181818183
Las Vegas Grand Prix,OCO,2,HARD,43,17.802127659574467,17.629787234042553
Las Vegas Grand Prix,PER,1,MEDIUM,17,17.47826086956522,17.704347826086956
Las Vegas Grand Prix,PER,2,HARD,25,17.605882352941176,17.741176470588236
Las Vegas Grand Prix,PER,3,HARD,16,17.44090909090909,17.681818181818183
Las Vegas Grand Prix,PIA,1,MEDIUM,13,17.394444444444446,17.605555555555554
Las Vegas Grand Prix,PIA,2,HARD,23,17.733333333333334,17.674074074074074
Las Vegas Grand Prix,PIA,3,HARD,22,17.25151515151515,17.612121212121213
Las Vegas Grand Prix,RIC,1,MEDIUM,7,16.905,17.93
Las Vegas Grand Prix,RIC,2,HARD,24,17.67096774193548,17.770967741935483
Las Vegas Grand Prix,RIC,3,HARD,27,17.31282051282051,17.617948717948718
Las Vegas Grand Prix,RUS,1,MEDIUM,14,17.384999999999998,17.705000000000002
Las Vegas Grand Prix,RUS,2,HARD,20,17.68,17.72
Las Vegas Grand Prix,RUS,3,HARD,24,16.88888888888889,17.211111111111112
Las Vegas Grand Prix,SAI,1,HARD,23,17.525,17.803125
Las Vegas Grand Prix,SAI,2,HARD,33,17.67948717948718,17.661538461538463
Las Vegas Grand Prix,SAI,3,SOFT,1,16.82,18.365000000000002
Las Vegas Grand Prix,SAR,1,MEDIUM,16,17.36818181818182,17.745454545454546
Las Vegas Grand Prix,SAR,2,HARD,26,17.675,17.7
Las Vegas Grand Prix,SAR,3,HARD,17,16.487096774193546,16.9741935483871
Las Vegas Grand Prix,STR,1,HARD,23,17.344827586206897,17.482758620689655
Las Vegas Grand Prix,STR,2,HARD,21,17.482142857142858,17.760714285714286
Las Vegas Grand Prix,STR,3,MEDIUM,16,16.46764705882353,17.16470588235294
Las Vegas Grand Prix,TSU,1,MEDIUM,22,17.484375,17.790625
Las Vegas Grand Prix,TSU,2,HARD,36,17.709756097560973,17.63170731707317
Las Vegas Grand Prix,VER,1,MEDIUM,16,17.485,17.6
Las Vegas Grand Prix,VER,2,HARD,27,17.61081081081081,17.754054054054052
Las Vegas Grand Prix,VER,3,HARD,15,17.53333333333333,17.572222222222223
Las Vegas Grand Prix,ZHO,1,MEDIUM,13,17.166666666666668,17.614285714285714
Las Vegas Grand Prix,ZHO,2,HARD,24,17.64375,17.740625
Las Vegas Grand Prix,ZHO,3,MEDIUM,21,16.707894736842103,17.205263157894738
Mexico City Grand Prix,ALO,1,SOFT,4,23.975,44.0875
Mexico City Grand Prix,ALO,3,SOFT,26,25.241176470588236,45.92352941176471
Mexico City Grand Prix,ALO,4,MEDIUM,22,25.993548387096773,45.36774193548386
Mexico City Grand Prix,ALO,5,SOFT,24,26.51923076923077,41.91538461538461
Mexico City Grand Prix,BOT,3,SOFT,16,25.253846153846155,46.48461538461538
Mexico City Grand Prix,BOT,4,MEDIUM,21,26.14761904761905,45.76190476190476
Mexico City Grand Prix,GAS,3,SOFT,27,25.554545454545455,46.43939393939394
Mexico City Grand Prix,GAS,4,MEDIUM,20,26.318181818181817,45.03636363636363
Mexico City Grand Prix,GAS,5,SOFT,25,26.522222222222222,41.94814814814814
Mexico City Grand Prix,HAM,1,SOFT,4,23.9,43.88
Mexico City Grand Prix,HAM,3,SOFT,19,25.68,46.255
Mexico City Grand Prix,HAM,4,MEDIUM,28,26.118181818181817,45.39696969696969
Mexico City Grand Prix,HAM,5,SOFT,28,26.485714285714288,42.06428571428571
Mexico City Grand Prix,HUL,3,SOFT,22,25.85,46.475
Mexico City Grand Prix,HUL,4,SOFT,28,25.909375,45.26875
Mexico City Grand Prix,HUL,5,SOFT,27,26.437037037037037,42.092592592592595
Mexico City Grand Prix,NOR,1,SOFT,4,23.845454545454547,44.06363636363636
Mexico City Grand Prix,NOR,3,SOFT,25,25.675862068965518,46.313793103448276
Mexico City Grand Prix,NOR,4,MEDIUM,32,26.377142857142857,44.40285714285714
Mexico City Grand Prix,NOR,5,SOFT,15,26.26875,40.75
Mexico City Grand Prix,OCO,1,SOFT,4,23.746666666666666,44.29333333333333
Mexico City Grand Prix,OCO,3,SOFT,15,25.44,46.489999999999995
Mexico City Grand Prix,OCO,4,MEDIUM,17,25.989473684210527,45.96315789473684
Mexico City Grand Prix,OCO,5,SOFT,23,26.472727272727273,44.372727272727275
Mexico City Grand Prix,OCO,6,SOFT,19,26.542105263157897,41.58421052631579
Mexico City Grand Prix,PER,1,SOFT,4,23.880000000000003,43.85
Mexico City Grand Prix,PER,3,SOFT,21,25.114285714285714,46.35142857142857
Mexico City Grand Prix,PER,4,MEDIUM,26,26.264285714285712,45.32857142857143
Mexico City Grand Prix,PER,5,SOFT,28,26.52592592592593,42.0
Mexico City Grand Prix,PIA,1,SOFT,3,23.76153846153846,44.26153846153846
Mexico City Grand Prix,PIA,3,MEDIUM,23,25.78,46.36
Mexico City Grand Prix,PIA,4,SOFT,31,26.43793103448276,44.758620689655174
Mexico City Grand Prix,PIA,5,SOFT,22,26.186363636363637,42.095454545454544
Mexico City Grand Prix,RIC,3,SOFT,28,25.765384615384615,46.58461538461539
Mexico City Grand Prix,RIC,4,MEDIUM,29,26.309090909090912,44.83939393939394
Mexico City Grand Prix,RIC,5,SOFT,15,26.513333333333332,40.766666666666666
Mexico City Grand Prix,RUS,1,SOFT,4,23.891666666666666,44.24166666666667
Mexico City Grand Prix,RUS,3,SOFT,20,25.513636363636362,45.904545454545456
Mexico City Grand Prix,RUS,4,MEDIUM,26,25.678048780487803,45.52195121951219
Mexico City Grand Prix,RUS,5,SOFT,15,26.453333333333333,43.46666666666667
Mexico City Grand Prix,SAI,1,SOFT,3,23.75,44.30714285714286
Mexico City Grand Prix,SAI,3,SOFT,28,25.81851851851852,46.525925925925925
Mexico City Grand Prix,SAI,4,MEDIUM,25,26.29655172413793,44.79655172413793
Mexico City Grand Prix,SAI,5,SOFT,23,26.430434782608696,41.61739130434783
Mexico City Grand Prix,SAR,3,SOFT,15,25.447058823529414,46.470588235294116
Mexico City Grand Prix,SAR,4,SOFT,27,25.993939393939392,45.79090909090909
Mexico City Grand Prix,SAR,5,SOFT,26,26.596153846153847,42.176923076923075
Mexico City Grand Prix,STR,1,SOFT,1,24.099999999999998,44.42857142857143
Mexico City Grand Prix,STR,3,SOFT,23,25.383333333333336,46.21666666666667
Mexico City Grand Prix,STR,4,MEDIUM,30,26.220588235294116,44.94705882352941
Mexico City Grand Prix,STR,5,SOFT,21,26.254166666666666,41.94583333333333
Mexico City Grand Prix,TSU,3,SOFT,24,25.48125,46.38125
Mexico City Grand Prix,TSU,4,MEDIUM,29,26.205714285714286,45.068571428571424
Mexico City Grand Prix,TSU,5,SOFT,19,26.5125,40.9375
Mexico City Grand Prix,VER,1,SOFT,4,23.9,43.87777777777777
Mexico City Grand Prix,VER,3,SOFT,28,25.295238095238098,46.27619047619047
Mexico City Grand Prix,VER,4,MEDIUM,29,26.44193548387097,44.641935483870974
Mexico City Grand Prix,VER,5,SOFT,15,26.429411764705883,41.10588235294117
Mexico City Grand Prix,ZHO,3,SOFT,13,25.24705882352941,46.61764705882353
Mexico City Grand Prix,ZHO,4,MEDIUM,7,25.37142857142857,46.521428571428565
Miami Grand Prix,ALB,1,MEDIUM,22,28.025,40.095
Miami Grand Prix,ALB,2,HARD,35,27.520000000000003,37.23777777777778
Miami Grand Prix,ALO,1,MEDIUM,25,27.681081081081082,37.637837837837836
Miami Grand Prix,ALO,2,HARD,34,27.544444444444444,37.275555555555556
Miami Grand Prix,BOT,1,MEDIUM,15,27.976666666666667,39.419999999999995
Miami Grand Prix,BOT,2,HARD,42,27.316666666666666,35.87916666666667
Miami Grand Prix,DEV,1,MEDIUM,15,28.294736842105266,41.56315789473685
Miami Grand Prix,DEV,2,HARD,42,27.4,36.474074074074075
Miami Grand Prix,GAS,1,MEDIUM,15,28.310256410256407,41.743589743589745
Miami Grand Prix,GAS,2,HARD,42,27.361538461538462,36.20961538461539
Miami Grand Prix,HAM,1,HARD,37,27.711764705882352,38.1764705882353
Miami Grand Prix,HAM,2,MEDIUM,20,27.42758620689655,36.248275862068965
Miami Grand Prix,HUL,1,HARD,33,27.96481481481481,39.69814814814814
Miami Grand Prix,HUL,2,MEDIUM,24,27.710256410256413,38.44615384615385
Miami Grand Prix,LEC,1,MEDIUM,17,28.24473684210526,41.25526315789474
Miami Grand Prix,LEC,2,HARD,40,27.42549019607843,36.67058823529412
Miami Grand Prix,MAG,1,MEDIUM,14,28.28787878787879,41.54242424242425
Miami Grand Prix,MAG,2,HARD,43,27.545614035087716,37.5140350877193
Miami Grand Prix,NOR,1,SOFT,4,28.228571428571428,41.199999999999996
Miami Grand Prix,NOR,2,HARD,53,27.49047619047619,36.87301587301587
Miami Grand Prix,OCO,1,HARD,39,28.0231884057971,40.24927536231884
Miami Grand Prix,OCO,2,MEDIUM,18,28.077272727272728,40.440909090909095
Miami Grand Prix,PER,1,MEDIUM,20,28.00857142857143,39.65142857142857
Miami Grand Prix,PER,2,HARD,37,27.354545454545452,36.31818181818182
Miami Grand Prix,PIA,1,SOFT,5,28.288888888888888,41.76111111111111
Miami Grand Prix,PIA,2,HARD,51,27.566666666666666,37.40454545454545
Miami Grand Prix,RUS,1,MEDIUM,17,27.915625,39.171875
Miami Grand Prix,RUS,2,HARD,40,27.384313725490195,36.36862745098039
Miami Grand Prix,SAI,1,MEDIUM,18,28.24761904761905,41.173809523809524
Miami Grand Prix,SAI,2,HARD,39,27.369565217391305,36.34130434782609
Miami Grand Prix,SAR,1,MEDIUM,2,28.934615384615384,45.388461538461534
Miami Grand Prix,SAR,2,HARD,54,27.443076923076923,36.64
Miami Grand Prix,STR,1,HARD,43,27.72622950819672,38.30491803278689
Miami Grand Prix,STR,2,MEDIUM,16,27.347619047619045,35.65714285714286
Miami Grand Prix,TSU,1,HARD,36,27.940677966101696,39.66949152542373
Miami Grand Prix,TSU,2,MEDIUM,21,27.611428571428572,37.41142857142857
Miami Grand Prix,VER,1,HARD,45,27.7,38.26190476190476
Miami Grand Prix,VER,2,MEDIUM,12,27.62857142857143,37.6
Miami Grand Prix,ZHO,1,HARD,31,27.777083333333334,38.41458333333333
Miami Grand Prix,ZHO,2,MEDIUM,26,27.70888888888889,38.126666666666665
Monaco Grand Prix,ALB,1,MEDIUM,18,26.267307692307693,43.46153846153846
Monaco Grand Prix,ALB,2,HARD,34,25.894642857142856,41.035714285714285
Monaco Grand Prix,ALB,3,INTERMEDIATE,25,24.212903225806453,32.9741935483871
Monaco Grand Prix,ALO,1,HARD,55,25.666233766233766,40.91298701298702
Monaco Grand Prix,ALO,2,MEDIUM,2,26.361904761904764,44.17619047619048
Monaco Grand Prix,ALO,3,INTERMEDIATE,23,25.164444444444445,37.422222222222224
Monaco Grand Prix,BOT,1,HARD,51,25.8,41.62771084337349
Monaco Grand Prix,BOT,2,INTERMEDIATE,26,24.480555555555554,34.580555555555556
Monaco Grand Prix,DEV,1,MEDIUM,53,25.74642857142857,41.357142857142854
Monaco Grand Prix,DEV,2,INTERMEDIATE,24,25.348000000000003,37.692
Monaco Grand Prix,GAS,1,HARD,47,25.95402298850575,42.244827586206895
Monaco Grand Prix,GAS,2,MEDIUM,7,26.264705882352942,43.45882352941176
Monaco Grand Prix,GAS,3,INTERMEDIATE,24,25.211111111111112,36.24888888888889
Monaco Grand Prix,HAM,1,MEDIUM,31,26.124590163934425,43.00819672131148
Monaco Grand Prix,HAM,2,HARD,23,26.024,41.13399999999999
Monaco Grand Prix,HAM,3,INTERMEDIATE,24,24.90952380952381,35.87142857142857
Monaco Grand Prix,HUL,1,MEDIUM,1,26.728571428571428,45.73428571428572
Monaco Grand Prix,HUL,2,HARD,52,25.635820895522386,40.0776119402985
Monaco Grand Prix,HUL,3,INTERMEDIATE,5,25.7,36.945454545454545
Monaco Grand Prix,HUL,4,WET,17,24.72222222222222,33.199999999999996
Monaco Grand Prix,LEC,1,HARD,44,25.793846153846154,41.49230769230769
Monaco Grand Prix,LEC,2,MEDIUM,11,26.147222222222222,42.36944444444444
Monaco Grand Prix,LEC,3,INTERMEDIATE,23,24.9075,36.230000000000004
Monaco Grand Prix,MAG,1,HARD,55,25.833707865168538,41.26966292134831
Monaco Grand Prix,MAG,2,WET,14,25.21034482758621,37.50344827586206
Monaco Grand Prix,NOR,1,MEDIUM,50,25.887804878048783,41.451219512195124
Monaco Grand Prix,NOR,2,HARD,4,26.095652173913045,43.2695652173913
Monaco Grand Prix,NOR,3,INTERMEDIATE,23,24.91351351351351,35.68378378378378
Monaco Grand Prix,OCO,1,MEDIUM,32,25.89032258064516,43.07258064516129
Monaco Grand Prix,OCO,2,HARD,22,26.143636363636364,41.69818181818182
Monaco Grand Prix,OCO,3,INTERMEDIATE,24,25.157777777777774,36.13333333333333
Monaco Grand Prix,PER,1,MEDIUM,1,27.048387096774192,45.34193548387096
Monaco Grand Prix,PER,2,HARD,33,25.91346153846154,41.99615384615385
Monaco Grand Prix,PER,3,MEDIUM,20,25.71333333333333,38.99666666666667
Monaco Grand Prix,PER,4,INTERMEDIATE,4,26.183333333333334,40.97222222222222
Monaco Grand Prix,PER,5,WET,13,23.376923076923074,28.176923076923078
Monaco Grand Prix,PER,6,INTERMEDIATE,6,23.849999999999998,30.28333333333333
Monaco Grand Prix,PIA,1,HARD,54,25.783333333333335,41.26904761904762
Monaco Grand Prix,PIA,2,INTERMEDIATE,23,25.241666666666664,38.106249999999996
Monaco Grand Prix,RUS,1,HARD,54,25.85421686746988,41.15903614457831
Monaco Grand Prix,RUS,2,INTERMEDIATE,24,25.45357142857143,38.39821428571429
Monaco Grand Prix,SAI,1,HARD,33,26.04179104477612,42.93134328358209
Monaco Grand Prix,SAI,2,MEDIUM,21,25.98913043478261,41.43695652173913
Monaco Grand Prix,SAI,3,INTERMEDIATE,23,24.87142857142857,34.79714285714286
Monaco Grand Prix,SAR,1,MEDIUM,20,26.09807692307692,44.00576923076923
Monaco Grand Prix,SAR,2,HARD,3,26.723809523809525,43.647619047619045
Monaco Grand Prix,SAR,3,SOFT,29,25.328125,38.003125
Monaco Grand Prix,SAR,4,INTERMEDIATE,24,25.458490566037735,37.83773584905661
Monaco Grand Prix,STR,1,HARD,52,25.698666666666668,41.16266666666667
Monaco Grand Prix,STR,2,INTERMEDIATE,2,26.23478260869565,44.34347826086957
Monaco Grand Prix,TSU,1,MEDIUM,53,25.725301204819274,41.36867469879518
Monaco Grand Prix,TSU,2,INTERMEDIATE,23,25.454,37.688
Monaco Grand Prix,VER,1,MEDIUM,55,25.93736263736264,41.35054945054945
Monaco Grand Prix,VER,2,INTERMEDIATE,23,25.174468085106383,37.706382978723404
Monaco Grand Prix,ZHO,1,SOFT,1,26.57241379310345,46.04827586206897
Monaco Grand Prix,ZHO,2,HARD,51,25.50952380952381,40.1015873015873
Monaco Grand Prix,ZHO,3,INTERMEDIATE,25,24.558823529411764,33.59705882352941
Qatar Grand Prix,ALB,1,MEDIUM,18,31.439999999999998,36.95333333333333
Qatar Grand Prix,ALB,2,MEDIUM,13,31.27692307692308,36.76153846153846
Qatar Grand Prix,ALB,3,HARD,13,31.22307692307692,36.13846153846154
Qatar Grand Prix,ALB,4,HARD,13,31.0,36.00769230769231
Qatar Grand Prix,ALO,1,MEDIUM,16,31.4625,37.0875
Qatar Grand Prix,ALO,2,MEDIUM,20,31.326666666666664,36.72
Qatar Grand Prix,ALO,3,HARD,18,31.261111111111113,36.43333333333333
Qatar Grand Prix,ALO,4,MEDIUM,13,30.99230769230769,35.95384615384615
Qatar Grand Prix,BOT,1,SOFT,4,31.5,37.4
Qatar Grand Prix,BOT,2,MEDIUM,18,31.41176470588235,36.90588235294118
Qatar Grand Prix,BOT,3,HARD,18,31.28888888888889,36.638888888888886
Qatar Grand Prix,BOT,4,HARD,19,31.04444444444444,35.96111111111111
Qatar Grand Prix,GAS,1,MEDIUM,18,31.4625,37.1125
Qatar Grand Prix,GAS,2,MEDIUM,20,31.333333333333332,36.70666666666667
Qatar Grand Prix,GAS,3,HARD,18,31.261111111111113,36.394444444444446
Qatar Grand Prix,GAS,4,MEDIUM,13,31.0,36.00769230769231
Qatar Grand Prix,HUL,1,MEDIUM,20,31.45,37.11
Qatar Grand Prix,HUL,2,HARD,14,31.314285714285713,36.73571428571428
Qatar Grand Prix,HUL,3,MEDIUM,18,31.291666666666668,36.56666666666667
Qatar Grand Prix,HUL,4,HARD,17,31.047058823529408,35.95294117647059
Qatar Grand Prix,LAW,1,SOFT,1,31.5,37.4
Qatar Grand Prix,LAW,2,HARD,18,31.405882352941177,36.92352941176471
Qatar Grand Prix,LAW,3,HARD,18,31.272222222222222,36.61666666666667
Qatar Grand Prix,LAW,4,MEDIUM,17,31.047058823529408,35.970588235294116
Qatar Grand Prix,LEC,1,MEDIUM,20,31.466666666666665,37.02222222222222
Qatar Grand Prix,LEC,2,MEDIUM,20,31.33076923076923,36.723076923076924
Qatar Grand Prix,LEC,3,HARD,18,31.27777777777778,36.49444444444444
Qatar Grand Prix,LEC,4,MEDIUM,14,31.00714285714286,35.957142857142856
Qatar Grand Prix,MAG,1,SOFT,1,31.5,37.4
Qatar Grand Prix,MAG,2,MEDIUM,18,31.41176470588235,36.9
Qatar Grand Prix,MAG,3,HARD,18,31.27777777777778,36.61666666666667
Qatar Grand Prix,MAG,4,HARD,17,31.052941176470586,35.98235294117647
Qatar Grand Prix,NOR,1,MEDIUM,20,31.45,37.11
Qatar Grand Prix,NOR,2,MEDIUM,20,31.314285714285713,36.67142857142857
Qatar Grand Prix,NOR,3,MEDIUM,17,31.264705882352942,36.41764705882353
Qatar Grand Prix,NOR,4,HARD,13,31.00769230769231,36.02307692307692
Qatar Grand Prix,OCO,1,MEDIUM,17,31.47142857142857,37.08571428571429
Qatar Grand Prix,OCO,2,MEDIUM,20,31.346666666666668,36.77333333333333
Qatar Grand Prix,OCO,3,HARD,18,31.272222222222222,36.47777777777778
Qatar Grand Prix,OCO,4,MEDIUM,14,31.0,35.94285714285714
Qatar Grand Prix,PER,1,HARD,17,31.442857142857143,36.99285714285714
Qatar Grand Prix,PER,2,MEDIUM,20,31.27857142857143,36.76428571428572
Qatar Grand Prix,PER,3,MEDIUM,18,31.233333333333334,36.175000000000004
Qatar Grand Prix,PER,4,MEDIUM,14,31.00714285714286,35.99285714285714
Qatar Grand Prix,PIA,1,MEDIUM,18,31.466666666666665,37.02222222222222
Qatar Grand Prix,PIA,2,MEDIUM,20,31.33076923076923,36.723076923076924
Qatar Grand Prix,PIA,3,MEDIUM,18,31.27777777777778,36.50555555555556
Qatar Grand Prix,PIA,4,HARD,14,31.014285714285712,35.964285714285715
Qatar Grand Prix,RUS,1,MEDIUM,8,31.5,37.4
Qatar Grand Prix,RUS,2,MEDIUM,20,31.454545454545453,37.09090909090909
Qatar Grand Prix,RUS,3,MEDIUM,18,31.305555555555557,36.77777777777778
Qatar Grand Prix,RUS,4,HARD,18,31.172222222222224,36.105555555555554
Qatar Grand Prix,RUS,5,SOFT,10,30.957142857142856,35.885714285714286
Qatar Grand Prix,SAR,1,MEDIUM,13,31.45,37.11
Qatar Grand Prix,SAR,2,MEDIUM,13,31.315384615384616,36.73076923076923
Qatar Grand Prix,SAR,3,HARD,14,31.285714285714285,36.55
Qatar Grand Prix,STR,1,MEDIUM,9,31.5,37.4
Qatar Grand Prix,STR,2,MEDIUM,18,31.41176470588235,36.90588235294118
Qatar Grand Prix,STR,3,HARD,18,31.283333333333335,36.62222222222223
Qatar Grand Prix,STR,4,MEDIUM,18,31.04444444444444,35.96111111111111
Qatar Grand Prix,TSU,1,MEDIUM,9,31.483333333333334,37.15
Qatar Grand Prix,TSU,2,MEDIUM,13,31.376923076923074,36.83846153846154
Qatar Grand Prix,TSU,3,HARD,18,31.27777777777778,36.59444444444445
Qatar Grand Prix,TSU,4,HARD,16,31.0375,35.95
Qatar Grand Prix,VER,1,MEDIUM,20,31.464285714285715,36.964285714285715
Qatar Grand Prix,VER,2,MEDIUM,20,31.3,36.78823529411765
Qatar Grand Prix,VER,3,HARD,17,31.147058823529413,36.07058823529412
Qatar Grand Prix,VER,4,MEDIUM,6,30.95,35.916666666666664
Qatar Grand Prix,ZHO,1,MEDIUM,18,31.439999999999998,36.95333333333333
Qatar Grand Prix,ZHO,2,HARD,17,31.3,36.794117647058826
Qatar Grand Prix,ZHO,3,HARD,17,31.105882352941173,36.029411764705884
Qatar Grand Prix,ZHO,4,SOFT,5,30.939999999999998,35.739999999999995
Saudi Arabian Grand Prix,ALB,1,MEDIUM,17,26.478125,33.2375
Saudi Arabian Grand Prix,ALB,2,HARD,9,26.59259259259259,35.53333333333333
Saudi Arabian Grand Prix,ALO,1,MEDIUM,18,26.47741935483871,32.87096774193548
Saudi Arabian Grand Prix,ALO,2,HARD,33,26.24102564102564,32.217948717948715
Saudi Arabian Grand Prix,BOT,1,MEDIUM,9,26.603125,36.1375
Saudi Arabian Grand Prix,BOT,2,HARD,8,26.435000000000002,32.025
Saudi Arabian Grand Prix,BOT,3,MEDIUM,18,26.405714285714286,33.565714285714286
Saudi Arabian Grand Prix,BOT,4,SOFT,14,26.423333333333336,32.053333333333335
Saudi Arabian Grand Prix,DEV,1,MEDIUM,17,26.436111111111114,35.34722222222222
Saudi Arabian Grand Prix,DEV,2,HARD,33,26.21914893617021,31.738297872340425
Saudi Arabian Grand Prix,GAS,1,MEDIUM,14,26.61176470588235,33.34705882352941
Saudi Arabian Grand Prix,GAS,2,HARD,36,26.329310344827583,33.334482758620695
Saudi Arabian Grand Prix,HAM,1,HARD,18,26.516666666666666,34.68611111111111
Saudi Arabian Grand Prix,HAM,2,MEDIUM,32,26.226190476190474,32.12857142857143
Saudi Arabian Grand Prix,HUL,1,MEDIUM,11,26.515384615384615,35.18846153846154
Saudi Arabian Grand Prix,HUL,2,HARD,39,26.273076923076925,32.00961538461539
Saudi Arabian Grand Prix,LEC,1,SOFT,16,26.544444444444444,34.849999999999994
Saudi Arabian Grand Prix,LEC,2,HARD,34,26.246666666666666,31.553333333333335
Saudi Arabian Grand Prix,MAG,1,MEDIUM,8,26.543478260869566,35.05652173913043
Saudi Arabian Grand Prix,MAG,2,HARD,42,26.272222222222222,32.242592592592594
Saudi Arabian Grand Prix,NOR,1,SOFT,2,26.439999999999998,34.160000000000004
Saudi Arabian Grand Prix,NOR,2,HARD,17,26.417857142857144,33.86071428571429
Saudi Arabian Grand Prix,NOR,3,MEDIUM,31,26.25,32.17826086956522
Saudi Arabian Grand Prix,OCO,1,MEDIUM,16,26.594285714285714,33.291428571428575
Saudi Arabian Grand Prix,OCO,2,HARD,34,26.33076923076923,32.66538461538461
Saudi Arabian Grand Prix,PER,1,MEDIUM,18,26.451724137931034,33.189655172413794
Saudi Arabian Grand Prix,PER,2,HARD,32,26.21351351351351,31.237837837837837
Saudi Arabian Grand Prix,PIA,1,MEDIUM,1,26.776190476190475,36.57142857142857
Saudi Arabian Grand Prix,PIA,2,HARD,49,26.34927536231884,32.813043478260866
Saudi Arabian Grand Prix,RUS,1,MEDIUM,18,26.55128205128205,35.32307692307692
Saudi Arabian Grand Prix,RUS,2,HARD,32,26.23414634146341,31.695121951219512
Saudi Arabian Grand Prix,SAI,1,MEDIUM,15,26.565625,34.059375
Saudi Arabian Grand Prix,SAI,2,HARD,35,26.258695652173916,32.13913043478261
Saudi Arabian Grand Prix,SAR,1,HARD,18,26.48157894736842,34.9
Saudi Arabian Grand Prix,SAR,2,MEDIUM,32,26.16842105263158,31.115789473684213
Saudi Arabian Grand Prix,STR,1,MEDIUM,13,26.503846153846155,33.107692307692304
Saudi Arabian Grand Prix,STR,2,HARD,4,26.50625,35.3
Saudi Arabian Grand Prix,TSU,1,MEDIUM,17,26.605555555555554,35.55555555555556
Saudi Arabian Grand Prix,TSU,2,HARD,33,26.293333333333333,31.77777777777778
Saudi Arabian Grand Prix,VER,1,MEDIUM,18,26.491666666666667,34.66111111111111
Saudi Arabian Grand Prix,VER,2,HARD,32,26.221951219512192,31.74634146341463
Saudi Arabian Grand Prix,ZHO,1,MEDIUM,11,26.62,35.854285714285716
Saudi Arabian Grand Prix,ZHO,2,HARD,7,26.677777777777777,34.46111111111111
Saudi Arabian Grand Prix,ZHO,3,MEDIUM,32,26.226666666666667,32.26888888888889
Singapore Grand Prix,ALB,1,MEDIUM,20,29.994999999999997,36.665
Singapore Grand Prix,ALB,2,HARD,23,29.9,35.731818181818184
Singapore Grand Prix,ALB,3,MEDIUM,19,29.549999999999997,34.95
Singapore Grand Prix,ALO,1,MEDIUM,20,29.99,36.69
Singapore Grand Prix,ALO,2,HARD,23,29.9,35.71904761904762
Singapore Grand Prix,ALO,3,SOFT,20,29.541176470588233,34.93529411764706
Singapore Grand Prix,BOT,1,HARD,40,29.957894736842107,36.252631578947366
Singapore Grand Prix,BOT,2,MEDIUM,11,29.61818181818182,35.10909090909091
Singapore Grand Prix,GAS,1,MEDIUM,20,29.99,36.68
Singapore Grand Prix,GAS,2,HARD,42,29.735000000000003,35.37
Singapore Grand Prix,HAM,1,MEDIUM,20,29.99,36.69
Singapore Grand Prix,HAM,2,HARD,23,29.9,35.7047619047619
Singapore Grand Prix,HAM,3,MEDIUM,18,29.555555555555557,34.96111111111111
Singapore Grand Prix,HUL,1,MEDIUM,20,29.99,36.68
Singapore Grand Prix,HUL,2,HARD,42,29.741463414634147,35.37317073170732
Singapore Grand Prix,LAW,1,MEDIUM,20,29.99,36.68
Singapore Grand Prix,LAW,2,HARD,42,29.7390243902439,35.380487804878044
Singapore Grand Prix,LEC,1,SOFT,23,29.99,36.69
Singapore Grand Prix,LEC,2,HARD,42,29.732499999999998,35.36
Singapore Grand Prix,MAG,1,MEDIUM,20,29.99,36.69
Singapore Grand Prix,MAG,2,HARD,23,29.9,35.71904761904762
Singapore Grand Prix,MAG,3,SOFT,22,29.549999999999997,34.94444444444444
Singapore Grand Prix,NOR,1,MEDIUM,20,29.99,36.69
Singapore Grand Prix,NOR,2,HARD,42,29.738461538461536,35.35897435897436
Singapore Grand Prix,OCO,1,MEDIUM,20,29.985000000000003,36.69
Singapore Grand Prix,OCO,2,HARD,22,29.910000000000004,35.760000000000005
Singapore Grand Prix,PER,1,HARD,39,29.96216216216216,36.28378378378378
Singapore Grand Prix,PER,2,MEDIUM,23,29.58695652173913,35.02608695652174
Singapore Grand Prix,PIA,1,MEDIUM,20,29.99,36.68
Singapore Grand Prix,PIA,2,HARD,42,29.73658536585366,35.37560975609756
Singapore Grand Prix,RUS,1,MEDIUM,20,29.99,36.69
Singapore Grand Prix,RUS,2,HARD,23,29.9,35.7047619047619
Singapore Grand Prix,RUS,3,MEDIUM,17,29.558823529411764,34.96470588235294
Singapore Grand Prix,SAI,1,MEDIUM,20,29.99,36.69
Singapore Grand Prix,SAI,2,HARD,42,29.7375,35.3625
Singapore Grand Prix,SAR,1,MEDIUM,18,29.994444444444444,36.71111111111111
Singapore Grand Prix,SAR,2,HARD,24,29.900000000000002,35.76086956521739
Singapore Grand Prix,SAR,3,MEDIUM,19,29.549999999999997,34.93888888888889
Singapore Grand Prix,VER,1,HARD,40,29.957894736842107,36.26315789473684
Singapore Grand Prix,VER,2,MEDIUM,22,29.577272727272728,35.0
Singapore Grand Prix,ZHO,1,SOFT,2,29.85,37.0
Singapore Grand Prix,ZHO,2,HARD,18,30.022222222222222,36.59444444444445
Singapore Grand Prix,ZHO,3,MEDIUM,42,29.741463414634147,35.37317073170732
Spanish Grand Prix,ALB,1,SOFT,16,23.17096774193548,35.00322580645161
Spanish Grand Prix,ALB,2,HARD,21,22.64848484848485,32.945454545454545
Spanish Grand Prix,ALB,3,MEDIUM,28,21.807499999999997,27.267500000000002
Spanish Grand Prix,ALO,1,SOFT,22,22.45862068965517,32.38965517241379
Spanish Grand Prix,ALO,2,SOFT,28,22.389743589743592,30.292307692307695
Spanish Grand Prix,ALO,3,HARD,22,22.384090909090908,29.175
Spanish Grand Prix,BOT,1,SOFT,5,22.98,33.946666666666665
Spanish Grand Prix,BOT,2,HARD,34,22.286274509803924,29.954901960784316
Spanish Grand Prix,BOT,3,HARD,26,21.965,26.997500000000002
Spanish Grand Prix,DEV,1,SOFT,9,23.15625,34.79375
Spanish Grand Prix,DEV,2,HARD,29,22.165,30.972500000000004
Spanish Grand Prix,DEV,3,MEDIUM,27,21.917073170731708,28.08780487804878
Spanish Grand Prix,GAS,1,SOFT,22,22.935294117647057,34.09411764705882
Spanish Grand Prix,GAS,2,MEDIUM,20,22.73030303030303,33.50909090909091
Spanish Grand Prix,GAS,3,HARD,27,21.73421052631579,26.942105263157895
Spanish Grand Prix,HAM,1,SOFT,27,22.78205128205128,33.648717948717945
Spanish Grand Prix,HAM,2,MEDIUM,26,22.415555555555557,30.146666666666665
Spanish Grand Prix,HAM,3,SOFT,19,22.46,31.708000000000002
Spanish Grand Prix,HUL,1,SOFT,11,22.97826086956522,34.073913043478264
Spanish Grand Prix,HUL,2,MEDIUM,18,22.314285714285717,32.09642857142857
Spanish Grand Prix,HUL,3,HARD,17,22.623809523809523,32.56904761904762
Spanish Grand Prix,HUL,4,MEDIUM,22,22.4,30.2725
Spanish Grand Prix,LEC,1,HARD,16,22.736363636363635,33.66818181818182
Spanish Grand Prix,LEC,2,SOFT,25,22.39,31.7375
Spanish Grand Prix,LEC,3,HARD,50,22.12702702702703,30.070270270270267
Spanish Grand Prix,MAG,1,SOFT,10,23.036363636363635,34.39545454545455
Spanish Grand Prix,MAG,2,MEDIUM,14,22.575,32.83571428571428
Spanish Grand Prix,MAG,3,HARD,18,22.461111111111112,32.02222222222222
Spanish Grand Prix,MAG,4,MEDIUM,23,22.123333333333335,28.44
Spanish Grand Prix,NOR,1,SOFT,3,22.97,33.5
Spanish Grand Prix,NOR,2,HARD,21,22.166666666666668,31.30666666666667
Spanish Grand Prix,NOR,3,MEDIUM,28,22.253488372093024,30.57906976744186
Spanish Grand Prix,NOR,4,SOFT,18,21.72142857142857,23.969047619047622
Spanish Grand Prix,OCO,1,SOFT,16,23.253333333333334,35.28666666666666
Spanish Grand Prix,OCO,2,MEDIUM,22,22.66,33.26
Spanish Grand Prix,OCO,3,HARD,31,22.12156862745098,29.150980392156864
Spanish Grand Prix,PER,1,MEDIUM,27,22.613513513513514,33.11891891891892
Spanish Grand Prix,PER,2,HARD,23,22.443181818181817,30.522727272727273
Spanish Grand Prix,PER,3,SOFT,16,22.057142857142857,27.889285714285712
Spanish Grand Prix,PIA,1,SOFT,19,22.464000000000002,32.455999999999996
Spanish Grand Prix,PIA,2,HARD,22,21.75277777777778,27.483333333333334
Spanish Grand Prix,PIA,3,MEDIUM,26,22.171794871794873,28.028205128205126
Spanish Grand Prix,RUS,1,SOFT,25,22.72820512820513,33.44358974358974
Spanish Grand Prix,RUS,2,MEDIUM,20,22.36904761904762,30.521428571428572
Spanish Grand Prix,RUS,3,SOFT,24,22.082857142857144,27.862857142857145
Spanish Grand Prix,SAI,1,SOFT,18,23.375,36.010714285714286
Spanish Grand Prix,SAI,2,MEDIUM,26,22.315,31.475
Spanish Grand Prix,SAI,3,HARD,25,21.805405405405406,29.05945945945946
Spanish Grand Prix,SAR,1,MEDIUM,17,22.433333333333334,32.214814814814815
Spanish Grand Prix,SAR,2,HARD,19,22.623333333333335,32.79333333333333
Spanish Grand Prix,SAR,3,HARD,29,22.602564102564102,31.687179487179485
Spanish Grand Prix,STR,1,SOFT,17,22.628,33.068000000000005
Spanish Grand Prix,STR,2,SOFT,23,22.078125,29.78125
Spanish Grand Prix,STR,3,HARD,32,21.843478260869563,27.05652173913043
Spanish Grand Prix,TSU,1,SOFT,10,23.426086956521736,35.77391304347826
Spanish Grand Prix,TSU,2,HARD,24,22.456756756756757,32.189189189189186
Spanish Grand Prix,TSU,3,MEDIUM,32,22.041999999999998,29.16
Spanish Grand Prix,VER,1,MEDIUM,26,22.677142857142858,33.41142857142857
Spanish Grand Prix,VER,2,HARD,26,22.325581395348838,31.090697674418607
Spanish Grand Prix,VER,3,SOFT,16,21.76521739130435,25.917391304347827
Spanish Grand Prix,ZHO,1,SOFT,9,22.83157894736842,33.568421052631585
Spanish Grand Prix,ZHO,2,HARD,27,22.40434782608696,30.328260869565216
Spanish Grand Prix,ZHO,3,HARD,30,21.765853658536585,26.07560975609756
São Paulo Grand Prix,ALB,1,MEDIUM,16,24.047619047619047,45.99523809523809
São Paulo Grand Prix,ALB,2,HARD,34,21.462857142857143,47.43714285714285
São Paulo Grand Prix,ALO,2,HARD,26,21.616,47.396
São Paulo Grand Prix,ALO,3,HARD,24,21.804000000000002,47.268
São Paulo Grand Prix,BOT,2,HARD,23,21.363636363636363,47.872727272727275
São Paulo Grand Prix,BOT,3,MEDIUM,26,22.161290322580644,46.60645161290322
São Paulo Grand Prix,GAS,1,MEDIUM,17,23.315,47.085
São Paulo Grand Prix,GAS,2,HARD,33,21.958333333333332,47.06111111111111
São Paulo Grand Prix,HAM,1,HARD,17,24.13913043478261,45.92173913043479
São Paulo Grand Prix,HAM,2,MEDIUM,9,24.146666666666665,43.29333333333333
São Paulo Grand Prix,HAM,3,HARD,24,20.768181818181816,48.70454545454545
São Paulo Grand Prix,HUL,1,MEDIUM,12,24.253333333333334,46.29333333333333
São Paulo Grand Prix,HUL,2,HARD,14,22.583333333333332,45.92777777777778
São Paulo Grand Prix,HUL,3,HARD,19,21.200000000000003,47.97777777777778
São Paulo Grand Prix,LEC,1,MEDIUM,21,23.6037037037037,46.18888888888888
São Paulo Grand Prix,LEC,2,HARD,29,21.337931034482757,47.679310344827584
São Paulo Grand Prix,MAG,1,MEDIUM,14,23.805882352941175,46.65294117647059
São Paulo Grand Prix,MAG,2,HARD,12,22.85,45.5
São Paulo Grand Prix,MAG,3,HARD,24,21.5125,47.887499999999996
São Paulo Grand Prix,NOR,1,MEDIUM,3,28.25,42.06666666666667
São Paulo Grand Prix,OCO,1,MEDIUM,20,22.96521739130435,47.28260869565217
São Paulo Grand Prix,OCO,2,HARD,30,22.087878787878786,46.987878787878785
São Paulo Grand Prix,PER,1,MEDIUM,1,28.0,43.12
São Paulo Grand Prix,PER,2,HARD,25,21.666666666666668,47.479166666666664
São Paulo Grand Prix,PER,3,HARD,24,21.16086956521739,48.28260869565217
São Paulo Grand Prix,PIA,1,HARD,17,24.547826086956523,45.52608695652174
São Paulo Grand Prix,PIA,2,HARD,28,20.616,47.92
São Paulo Grand Prix,PIA,3,MEDIUM,8,21.0,49.6
São Paulo Grand Prix,RIC,1,MEDIUM,17,23.614285714285714,46.63333333333333
São Paulo Grand Prix,RIC,2,HARD,33,21.485714285714284,47.51428571428571
São Paulo Grand Prix,RUS,1,MEDIUM,15,24.476190476190474,45.647619047619045
São Paulo Grand Prix,RUS,2,HARD,11,23.705882352941178,43.86470588235294
São Paulo Grand Prix,RUS,3,HARD,24,22.18888888888889,46.26296296296296
São Paulo Grand Prix,SAI,1,MEDIUM,3,28.09090909090909,42.35454545454545
São Paulo Grand Prix,SAI,2,HARD,23,21.34090909090909,47.53181818181818
São Paulo Grand Prix,SAI,3,HARD,24,22.111538461538462,46.934615384615384
São Paulo Grand Prix,SAR,1,MEDIUM,15,22.38,47.93333333333333
São Paulo Grand Prix,SAR,2,HARD,35,21.889473684210525,47.15
São Paulo Grand Prix,STR,1,SOFT,7,26.275,43.6875
São Paulo Grand Prix,STR,2,HARD,24,22.054166666666664,46.9625
São Paulo Grand Prix,STR,3,HARD,24,21.831999999999997,47.464
São Paulo Grand Prix,TSU,1,SOFT,10,25.473333333333336,45.27333333333333
São Paulo Grand Prix,TSU,2,MEDIUM,11,21.946153846153848,47.0923076923077
São Paulo Grand Prix,TSU,3,HARD,25,20.676,48.123999999999995
São Paulo Grand Prix,VER,1,MEDIUM,16,24.3,45.81363636363636
São Paulo Grand Prix,VER,2,HARD,10,23.513333333333332,43.92666666666666
São Paulo Grand Prix,VER,3,HARD,24,21.40833333333333,47.59166666666667
São Paulo Grand Prix,ZHO,1,HARD,26,22.69333333333333,46.983333333333334
São Paulo Grand Prix,ZHO,2,MEDIUM,24,22.15,47.29230769230769
United States Grand Prix,ALB,1,MEDIUM,13,29.97,40.65
United States Grand Prix,ALB,2,HARD,19,30.347368421052632,41.347368421052636
United States Grand Prix,ALB,3,MEDIUM,33,30.66296296296296,41.211111111111116
United States Grand Prix,ALO,1,MEDIUM,19,30.115789473684213,40.93157894736842
United States Grand Prix,ALO,2,MEDIUM,23,30.456521739130434,41.391304347826086
United States Grand Prix,ALO,3,HARD,7,30.82857142857143,41.31428571428571
United States Grand Prix,BOT,1,MEDIUM,10,29.97,40.64
United States Grand Prix,BOT,2,HARD,18,30.34444444444445,41.36666666666667
United States Grand Prix,BOT,3,HARD,28,30.650000000000002,41.199999999999996
United States Grand Prix,GAS,1,MEDIUM,18,30.127777777777776,40.95
United States Grand Prix,GAS,2,MEDIUM,19,30.40526315789474,41.373684210526314
United States Grand Prix,GAS,3,HARD,19,30.77368421052632,41.16842105263158
United States Grand Prix,HAM,1,MEDIUM,20,30.130000000000003,41.035000000000004
United States Grand Prix,HAM,2,HARD,18,30.438888888888886,41.34444444444445
United States Grand Prix,HAM,3,MEDIUM,18,30.766666666666666,41.17777777777778
United States Grand Prix,HUL,1,HARD,19,30.115789473684213,40.93157894736842
United States Grand Prix,HUL,2,MEDIUM,15,30.4,41.36
United States Grand Prix,HUL,3,MEDIUM,28,30.718181818181815,41.18636363636364
United States Grand Prix,LEC,1,MEDIUM,23,30.13913043478261,41.073913043478264
United States Grand Prix,LEC,2,HARD,33,30.633333333333333,41.27878787878788
United States Grand Prix,MAG,1,MEDIUM,10,29.97,40.64
United States Grand Prix,MAG,2,HARD,19,30.35263157894737,41.352631578947374
United States Grand Prix,MAG,3,MEDIUM,26,30.665384615384614,41.24230769230769
United States Grand Prix,NOR,1,MEDIUM,17,30.099999999999998,40.93529411764706
United States Grand Prix,NOR,2,HARD,17,30.38823529411765,41.358823529411765
United States Grand Prix,NOR,3,HARD,22,30.70909090909091,41.22727272727273
United States Grand Prix,OCO,1,MEDIUM,6,29.933333333333334,40.666666666666664
United States Grand Prix,PER,1,MEDIUM,17,30.105882352941176,40.9
United States Grand Prix,PER,2,MEDIUM,20,30.395,41.345
United States Grand Prix,PER,3,HARD,19,30.757894736842104,41.189473684210526
United States Grand Prix,PIA,1,MEDIUM,10,29.97,40.7
United States Grand Prix,RIC,1,MEDIUM,22,30.13181818181818,40.96818181818182
United States Grand Prix,RIC,2,HARD,25,30.548000000000002,41.431999999999995
United States Grand Prix,RIC,3,SOFT,8,30.875,40.875
United States Grand Prix,RUS,1,MEDIUM,21,30.133333333333333,40.99523809523809
United States Grand Prix,RUS,2,HARD,18,30.444444444444443,41.38333333333333
United States Grand Prix,RUS,3,MEDIUM,17,30.823529411764707,41.19411764705882
United States Grand Prix,SAI,1,MEDIUM,17,30.105882352941176,40.94117647058823
United States Grand Prix,SAI,2,MEDIUM,18,30.394444444444446,41.33888888888889
United States Grand Prix,SAI,3,HARD,21,30.728571428571428,41.233333333333334
United States Grand Prix,SAR,1,MEDIUM,11,29.972727272727273,40.58181818181818
United States Grand Prix,SAR,2,HARD,21,30.366666666666667,41.404761904761905
United States Grand Prix,SAR,3,MEDIUM,24,30.704166666666666,41.233333333333334
United States Grand Prix,STR,1,HARD,20,30.115,40.95
United States Grand Prix,STR,2,MEDIUM,20,30.419999999999998,41.36
United States Grand Prix,STR,3,MEDIUM,16,30.83125,41.125
United States Grand Prix,TSU,1,MEDIUM,17,30.105882352941176,40.9
United States Grand Prix,TSU,2,HARD,17,30.38823529411765,41.35294117647059
United States Grand Prix,TSU,3,MEDIUM,20,30.725,41.325
United States Grand Prix,TSU,4,SOFT,2,30.8,40.3
United States Grand Prix,VER,1,MEDIUM,16,30.0875,40.90625
United States Grand Prix,VER,2,MEDIUM,19,30.384210526315787,41.33684210526316
United States Grand Prix,VER,3,HARD,21,30.723809523809525,41.22380952380953
United States Grand Prix,ZHO,1,MEDIUM,9,29.95555555555556,40.666666666666664
United States Grand Prix,ZHO,2,HARD,18,30.333333333333332,41.32222222222222
United States Grand Prix,ZHO,3,HARD,28,30.642857142857142,41.232142857142854
